NumTrees,MaxNumSplits,MinLeafSize,Threshold,Accuracy,Sensitivity,Specificity,Precision,F1,AUC,TN,FP,FN,TP,CompositeScore,AccuracyPct,SensitivityPct,SpecificityPct,PrecisionPct,F1Pct,Meets90Spec,Meets90Sens,Meets95Accuracy
300,30,5,0.67,0.923240938166311,0.922110552763819,0.929577464788732,0.986559139784946,0.953246753246753,0.945236747115861,66,5,31,367,1.49127454294293,92.3240938166311,92.2110552763819,92.9577464788732,98.6559139784946,95.3246753246753,1,1,0
500,20,3,0.68,0.923240938166311,0.922110552763819,0.929577464788732,0.986559139784946,0.953246753246753,0.942883431240711,66,5,31,367,1.49086207127133,92.3240938166311,92.2110552763819,92.9577464788732,98.6559139784946,95.3246753246753,1,1,0
200,50,8,0.58,0.925373134328358,0.92713567839196,0.915492957746479,0.984,0.954721862871928,0.94479439450775,65,6,29,369,1.48976142769397,92.5373134328358,92.713567839196,91.5492957746479,98.4,95.4721862871928,1,1,0
500,50,8,0.57,0.925373134328358,0.92713567839196,0.915492957746479,0.984,0.954721862871928,0.94399815981315,65,6,29,369,1.48962186960959,92.5373134328358,92.713567839196,91.5492957746479,98.4,95.4721862871928,1,1,0
200,30,5,0.59,0.925373134328358,0.92713567839196,0.915492957746479,0.984,0.954721862871928,0.943626583622337,65,6,29,369,1.48955674250355,92.5373134328358,92.713567839196,91.5492957746479,98.4,95.4721862871928,1,1,0
300,20,5,0.62,0.923240938166311,0.924623115577889,0.915492957746479,0.983957219251337,0.953367875647668,0.944281265482341,65,6,30,368,1.48860664987658,92.3240938166311,92.462311557789,91.5492957746479,98.3957219251337,95.3367875647669,1,1,0
500,40,3,0.7,0.918976545842217,0.917085427135678,0.929577464788732,0.986486486486487,0.950520833333333,0.94212258475476,66,5,33,365,1.48859810501515,91.8976545842217,91.7085427135678,92.9577464788732,98.6486486486486,95.0520833333333,1,1,0
300,50,5,0.63,0.923240938166311,0.924623115577889,0.915492957746479,0.983957219251337,0.953367875647668,0.943644277726661,65,6,30,368,1.48849500340907,92.3240938166311,92.462311557789,91.5492957746479,98.3957219251337,95.3367875647669,1,1,0
500,20,1,0.63,0.929637526652452,0.934673366834171,0.901408450704225,0.981530343007916,0.957528957528958,0.937893693821219,64,7,26,372,1.48818525682445,92.9637526652452,93.4673366834171,90.1408450704225,98.1530343007915,95.7528957528958,1,1,0
500,40,5,0.68,0.918976545842217,0.917085427135678,0.929577464788732,0.986486486486487,0.950520833333333,0.938778399037441,66,5,33,365,1.48801196106077,91.8976545842217,91.7085427135678,92.9577464788732,98.6486486486486,95.0520833333333,1,1,0
300,25,5,0.56,0.927505330490405,0.9321608040201,0.901408450704225,0.981481481481482,0.956185567010309,0.942954207658008,64,7,27,371,1.48800819511874,92.7505330490405,93.21608040201,90.1408450704225,98.1481481481482,95.6185567010309,1,1,0
500,25,8,0.54,0.927505330490405,0.9321608040201,0.901408450704225,0.981481481481482,0.956185567010309,0.942529549154222,64,7,27,371,1.4879337641404,92.7505330490405,93.21608040201,90.1408450704225,98.1481481481482,95.6185567010309,1,1,0
200,30,3,0.65,0.921108742004264,0.922110552763819,0.915492957746479,0.983914209115281,0.95201037613489,0.945979899497487,65,6,31,367,1.48783888590039,92.1108742004264,92.2110552763819,91.5492957746479,98.3914209115281,95.201037613489,1,1,0
100,25,8,0.58,0.923240938166311,0.924623115577889,0.915492957746479,0.983957219251337,0.953367875647668,0.93989312760988,65,6,30,368,1.48783752976712,92.3240938166311,92.462311557789,91.5492957746479,98.3957219251337,95.3367875647669,1,1,0
300,30,8,0.58,0.927505330490405,0.9321608040201,0.901408450704225,0.981481481481482,0.956185567010309,0.941184797225564,64,7,27,371,1.48769806604235,92.7505330490405,93.21608040201,90.1408450704225,98.1481481481482,95.6185567010309,1,1,0
200,25,3,0.69,0.916844349680171,0.914572864321608,0.929577464788732,0.986449864498645,0.949152542372881,0.942901125345035,66,5,34,364,1.48766828256399,91.6844349680171,91.4572864321608,92.9577464788732,98.6449864498645,94.9152542372881,1,1,0
300,40,3,0.69,0.916844349680171,0.914572864321608,0.929577464788732,0.986449864498645,0.949152542372881,0.941361738268809,66,5,34,364,1.48739847026753,91.6844349680171,91.4572864321608,92.9577464788732,98.6449864498645,94.9152542372881,1,1,0
300,40,5,0.63,0.921108742004264,0.922110552763819,0.915492957746479,0.983914209115281,0.95201037613489,0.943414254370444,65,6,31,367,1.48738919873963,92.1108742004264,92.2110552763819,91.5492957746479,98.3914209115281,95.201037613489,1,1,0
300,20,8,0.59,0.921108742004264,0.922110552763819,0.915492957746479,0.983914209115281,0.95201037613489,0.942564937362871,65,6,31,367,1.48724033678296,92.1108742004264,92.2110552763819,91.5492957746479,98.3914209115281,95.201037613489,1,1,0
500,20,5,0.63,0.921108742004264,0.922110552763819,0.915492957746479,0.983914209115281,0.95201037613489,0.942405690423951,65,6,31,367,1.48721242516608,92.1108742004264,92.2110552763819,91.5492957746479,98.3914209115281,95.201037613489,1,1,0
500,25,3,0.66,0.921108742004264,0.922110552763819,0.915492957746479,0.983914209115281,0.95201037613489,0.941768702668271,65,6,31,367,1.48710077869858,92.1108742004264,92.2110552763819,91.5492957746479,98.3914209115281,95.201037613489,1,1,0
500,15,5,0.6,0.921108742004264,0.922110552763819,0.915492957746479,0.983914209115281,0.95201037613489,0.941255573642862,65,6,31,367,1.48701084126643,92.1108742004264,92.2110552763819,91.5492957746479,98.3914209115281,95.201037613489,1,1,0
300,50,3,0.69,0.921108742004264,0.922110552763819,0.915492957746479,0.983914209115281,0.95201037613489,0.940335480217991,65,6,31,367,1.4868495741467,92.1108742004264,92.2110552763819,91.5492957746479,98.3914209115281,95.201037613489,1,1,0
300,15,2,0.65,0.923240938166311,0.924623115577889,0.915492957746479,0.983957219251337,0.953367875647668,0.933894826243896,65,6,30,368,1.48678619219816,92.3240938166311,92.462311557789,91.5492957746479,98.3957219251337,95.3367875647669,1,1,0
300,25,3,0.7,0.921108742004264,0.922110552763819,0.915492957746479,0.983914209115281,0.95201037613489,0.939946209922854,65,6,31,367,1.4867813457499,92.1108742004264,92.2110552763819,91.5492957746479,98.3914209115281,95.201037613489,1,1,0
300,30,1,0.71,0.921108742004264,0.922110552763819,0.915492957746479,0.983914209115281,0.95201037613489,0.939415386793121,65,6,31,367,1.48668830702698,92.1108742004264,92.2110552763819,91.5492957746479,98.3914209115281,95.201037613489,1,1,0
200,50,5,0.66,0.918976545842217,0.919597989949749,0.915492957746479,0.983870967741935,0.950649350649351,0.944847476820723,65,6,32,366,1.48657426521345,91.8976545842217,91.9597989949749,91.5492957746479,98.3870967741936,95.0649350649351,1,1,0
500,15,8,0.57,0.921108742004264,0.922110552763819,0.915492957746479,0.983914209115281,0.95201037613489,0.938371434637978,65,6,31,367,1.48650533087191,92.1108742004264,92.2110552763819,91.5492957746479,98.3914209115281,95.201037613489,1,1,0
100,15,3,0.64,0.918976545842217,0.919597989949749,0.915492957746479,0.983870967741935,0.950649350649351,0.944192794960719,65,6,32,366,1.48645951745519,91.8976545842217,91.9597989949749,91.5492957746479,98.3870967741936,95.0649350649351,1,1,0
500,30,8,0.58,0.918976545842217,0.919597989949749,0.915492957746479,0.983870967741935,0.950649350649351,0.94415740675207,65,6,32,366,1.48645331487366,91.8976545842217,91.9597989949749,91.5492957746479,98.3870967741936,95.0649350649351,1,1,0
500,30,5,0.63,0.918976545842217,0.919597989949749,0.915492957746479,0.983870967741935,0.950649350649351,0.943467336683417,65,6,32,366,1.48633236453387,91.8976545842217,91.9597989949749,91.5492957746479,98.3870967741936,95.0649350649351,1,1,0
100,25,2,0.73,0.914712153518124,0.912060301507538,0.929577464788732,0.986413043478261,0.947780678851175,0.941308655955836,66,5,35,363,1.48632223432691,91.4712153518124,91.2060301507538,92.9577464788732,98.6413043478261,94.7780678851175,1,1,0
300,20,2,0.63,0.925373134328358,0.92964824120603,0.901408450704225,0.981432360742706,0.954838709677419,0.939149975228254,64,7,28,370,1.48627674207991,92.5373134328358,92.964824120603,90.1408450704225,98.1432360742706,95.4838709677419,1,1,0
300,25,8,0.62,0.918976545842217,0.919597989949749,0.915492957746479,0.983870967741935,0.950649350649351,0.942954207658008,65,6,32,366,1.48624242710171,91.8976545842217,91.9597989949749,91.5492957746479,98.3870967741936,95.0649350649351,1,1,0
100,30,10,0.58,0.918976545842217,0.919597989949749,0.915492957746479,0.983870967741935,0.950649350649351,0.942724184301791,65,6,32,366,1.48620211032178,91.8976545842217,91.9597989949749,91.5492957746479,98.3870967741936,95.0649350649351,1,1,0
200,20,5,0.67,0.918976545842217,0.919597989949749,0.915492957746479,0.983870967741935,0.950649350649351,0.942157972963409,65,6,32,366,1.48610286901734,91.8976545842217,91.9597989949749,91.5492957746479,98.3870967741936,95.0649350649351,1,1,0
200,30,8,0.55,0.923240938166311,0.92713567839196,0.901408450704225,0.981382978723404,0.953488372093023,0.944175100856395,64,7,29,369,1.48609218579355,92.3240938166311,92.713567839196,90.1408450704225,98.1382978723404,95.3488372093023,1,1,0
100,20,8,0.63,0.912579957356077,0.909547738693467,0.929577464788732,0.986376021798365,0.94640522875817,0.945873734871541,66,5,36,362,1.48605477974907,91.2579957356077,90.9547738693467,92.9577464788732,98.6376021798365,94.640522875817,1,1,0
200,10,3,0.62,0.914712153518124,0.912060301507538,0.929577464788732,0.986413043478261,0.947780678851175,0.939751574775285,66,5,35,363,1.48604932073969,91.4712153518124,91.2060301507538,92.9577464788732,98.6413043478261,94.7780678851175,1,1,0
200,40,5,0.64,0.918976545842217,0.919597989949749,0.915492957746479,0.983870967741935,0.950649350649351,0.94148559699908,65,6,32,366,1.48598501996831,91.8976545842217,91.9597989949749,91.5492957746479,98.3870967741936,95.0649350649351,1,1,0
500,40,8,0.57,0.923240938166311,0.92713567839196,0.901408450704225,0.981382978723404,0.953488372093023,0.943308089744497,64,7,29,369,1.48594022254612,92.3240938166311,92.713567839196,90.1408450704225,98.1382978723404,95.3488372093023,1,1,0
200,25,5,0.63,0.918976545842217,0.919597989949749,0.915492957746479,0.983870967741935,0.950649350649351,0.940937079765022,65,6,32,366,1.48588887995463,91.8976545842217,91.9597989949749,91.5492957746479,98.3870967741936,95.0649350649351,1,1,0
200,20,1,0.67,0.925373134328358,0.92964824120603,0.901408450704225,0.981432360742706,0.954838709677419,0.936867435770401,64,7,28,370,1.48587667557136,92.5373134328358,92.964824120603,90.1408450704225,98.1432360742706,95.4838709677419,1,1,0
100,15,10,0.54,0.923240938166311,0.92713567839196,0.901408450704225,0.981382978723404,0.953488372093023,0.942812654823413,64,7,29,369,1.48585338640473,92.3240938166311,92.713567839196,90.1408450704225,98.1382978723404,95.3488372093023,1,1,0
200,30,10,0.58,0.918976545842217,0.919597989949749,0.915492957746479,0.983870967741935,0.950649350649351,0.940600891782858,65,6,32,366,1.48582995543011,91.8976545842217,91.9597989949749,91.5492957746479,98.3870967741936,95.0649350649351,1,1,0
100,20,2,0.7,0.914712153518124,0.912060301507538,0.929577464788732,0.986413043478261,0.947780678851175,0.938282964116356,66,5,35,363,1.48579191360628,91.4712153518124,91.2060301507538,92.9577464788732,98.6413043478261,94.7780678851175,1,1,0
300,50,8,0.61,0.918976545842217,0.919597989949749,0.915492957746479,0.983870967741935,0.950649350649351,0.9400523745488,65,6,32,366,1.48573381541643,91.8976545842217,91.9597989949749,91.5492957746479,98.3870967741936,95.0649350649351,1,1,0
300,30,2,0.65,0.925373134328358,0.92964824120603,0.901408450704225,0.981432360742706,0.954838709677419,0.935558072050393,64,7,28,370,1.48564718005483,92.5373134328358,92.964824120603,90.1408450704225,98.1432360742706,95.4838709677419,1,1,0
500,25,2,0.64,0.923240938166311,0.92713567839196,0.901408450704225,0.981382978723404,0.953488372093023,0.940990162077995,64,7,29,369,1.48553395345604,92.3240938166311,92.713567839196,90.1408450704225,98.1382978723404,95.3488372093023,1,1,0
300,40,1,0.67,0.923240938166311,0.92713567839196,0.901408450704225,0.981382978723404,0.953488372093023,0.9408486092434,64,7,29,369,1.48550914312993,92.3240938166311,92.713567839196,90.1408450704225,98.1382978723404,95.3488372093023,1,1,0
100,20,3,0.69,0.912579957356077,0.909547738693467,0.929577464788732,0.986376021798365,0.94640522875817,0.942175667067733,66,5,36,362,1.48540660997941,91.2579957356077,90.9547738693467,92.9577464788732,98.6376021798365,94.640522875817,1,1,0
300,30,10,0.56,0.916844349680171,0.917085427135678,0.915492957746479,0.983827493261456,0.949284785435631,0.944139712647746,65,6,33,365,1.48538342261635,91.6844349680171,91.7085427135678,91.5492957746479,98.3827493261456,94.9284785435631,1,1,0
500,25,10,0.57,0.916844349680171,0.917085427135678,0.915492957746479,0.983827493261456,0.949284785435631,0.943980465708826,65,6,33,365,1.48535551099947,91.6844349680171,91.7085427135678,91.5492957746479,98.3827493261456,94.9284785435631,1,1,0
200,40,1,0.7,0.923240938166311,0.92713567839196,0.901408450704225,0.981382978723404,0.953488372093023,0.939875433505556,64,7,29,369,1.48533857213792,92.3240938166311,92.713567839196,90.1408450704225,98.1382978723404,95.3488372093023,1,1,0
100,40,8,0.58,0.921108742004264,0.924623115577889,0.901408450704225,0.981333333333333,0.952134540750323,0.945732182036945,64,7,30,368,1.48529912648464,92.1108742004264,92.462311557789,90.1408450704225,98.1333333333333,95.2134540750323,1,1,0
100,25,3,0.71,0.91044776119403,0.907035175879397,0.929577464788732,0.986338797814208,0.945026178010471,0.947360039634794,66,5,37,361,1.4852470423329,91.044776119403,90.7035175879397,92.9577464788732,98.6338797814208,94.5026178010471,1,1,0
500,50,2,0.64,0.921108742004264,0.924623115577889,0.901408450704225,0.981333333333333,0.952134540750323,0.943449642579093,64,7,30,368,1.4848990599761,92.1108742004264,92.462311557789,90.1408450704225,98.1333333333333,95.2134540750323,1,1,0
500,40,2,0.66,0.921108742004264,0.924623115577889,0.901408450704225,0.981333333333333,0.952134540750323,0.943113454596928,64,7,30,368,1.48484013545158,92.1108742004264,92.462311557789,90.1408450704225,98.1333333333333,95.2134540750323,1,1,0
100,40,10,0.57,0.916844349680171,0.917085427135678,0.915492957746479,0.983827493261456,0.949284785435631,0.94100785618232,65,6,33,365,1.48483449415114,91.6844349680171,91.7085427135678,91.5492957746479,98.3827493261456,94.9284785435631,1,1,0
500,20,8,0.6,0.916844349680171,0.917085427135678,0.915492957746479,0.983827493261456,0.949284785435631,0.940459338948262,65,6,33,365,1.48473835413746,91.6844349680171,91.7085427135678,91.5492957746479,98.3827493261456,94.9284785435631,1,1,0
100,40,3,0.71,0.91044776119403,0.907035175879397,0.929577464788732,0.986338797814208,0.945026178010471,0.94352041899639,66,5,37,361,1.48457406223713,91.044776119403,90.7035175879397,92.9577464788732,98.6338797814208,94.5026178010471,1,1,0
100,50,3,0.69,0.916844349680171,0.917085427135678,0.915492957746479,0.983827493261456,0.949284785435631,0.939433080897445,65,6,33,365,1.48455847927315,91.6844349680171,91.7085427135678,91.5492957746479,98.3827493261456,94.9284785435631,1,1,0
100,40,2,0.72,0.916844349680171,0.917085427135678,0.915492957746479,0.983827493261456,0.949284785435631,0.939415386793121,65,6,33,365,1.48455537798238,91.6844349680171,91.7085427135678,91.5492957746479,98.3827493261456,94.9284785435631,1,1,0
100,10,3,0.64,0.912579957356077,0.909547738693467,0.929577464788732,0.986376021798365,0.94640522875817,0.937203623752566,66,5,36,362,1.48453514727475,91.2579957356077,90.9547738693467,92.9577464788732,98.6376021798365,94.640522875817,1,1,0
300,40,2,0.65,0.921108742004264,0.924623115577889,0.901408450704225,0.981333333333333,0.952134540750323,0.941220185434213,64,7,30,368,1.48450829733984,92.1108742004264,92.462311557789,90.1408450704225,98.1333333333333,95.2134540750323,1,1,0
300,50,2,0.69,0.921108742004264,0.924623115577889,0.901408450704225,0.981333333333333,0.952134540750323,0.941220185434213,64,7,30,368,1.48450829733984,92.1108742004264,92.462311557789,90.1408450704225,98.1333333333333,95.2134540750323,1,1,0
500,50,1,0.68,0.921108742004264,0.924623115577889,0.901408450704225,0.981333333333333,0.952134540750323,0.941060938495293,64,7,30,368,1.48448038572297,92.1108742004264,92.462311557789,90.1408450704225,98.1333333333333,95.2134540750323,1,1,0
100,50,5,0.6,0.921108742004264,0.924623115577889,0.901408450704225,0.981333333333333,0.952134540750323,0.940901691556373,64,7,30,368,1.48445247410609,92.1108742004264,92.462311557789,90.1408450704225,98.1333333333333,95.2134540750323,1,1,0
500,30,1,0.7,0.921108742004264,0.924623115577889,0.901408450704225,0.981333333333333,0.952134540750323,0.940901691556373,64,7,30,368,1.48445247410609,92.1108742004264,92.462311557789,90.1408450704225,98.1333333333333,95.2134540750323,1,1,0
300,15,1,0.62,0.921108742004264,0.924623115577889,0.901408450704225,0.981333333333333,0.952134540750323,0.940830915139076,64,7,30,368,1.48444006894304,92.1108742004264,92.462311557789,90.1408450704225,98.1333333333333,95.2134540750323,1,1,0
500,10,5,0.61,0.912579957356077,0.909547738693467,0.929577464788732,0.986376021798365,0.94640522875817,0.936548941892562,66,5,36,362,1.48442039951648,91.2579957356077,90.9547738693467,92.9577464788732,98.6376021798365,94.640522875817,1,1,0
300,20,1,0.68,0.921108742004264,0.924623115577889,0.901408450704225,0.981333333333333,0.952134540750323,0.940636279991507,64,7,30,368,1.48440595474463,92.1108742004264,92.462311557789,90.1408450704225,98.1333333333333,95.2134540750323,1,1,0
300,25,10,0.57,0.921108742004264,0.924623115577889,0.901408450704225,0.981333333333333,0.952134540750323,0.940600891782858,64,7,30,368,1.48439975216311,92.1108742004264,92.462311557789,90.1408450704225,98.1333333333333,95.2134540750323,1,1,0
100,40,1,0.72,0.921108742004264,0.924623115577889,0.901408450704225,0.981333333333333,0.952134540750323,0.940353174322316,64,7,30,368,1.48435633409241,92.1108742004264,92.462311557789,90.1408450704225,98.1333333333333,95.2134540750323,1,1,0
100,30,3,0.71,0.91044776119403,0.907035175879397,0.929577464788732,0.986338797814208,0.945026178010471,0.942104890650435,66,5,37,361,1.48432595897601,91.044776119403,90.7035175879397,92.9577464788732,98.6338797814208,94.5026178010471,1,1,0
200,25,10,0.55,0.921108742004264,0.924623115577889,0.901408450704225,0.981333333333333,0.952134540750323,0.939875433505556,64,7,30,368,1.48427259924179,92.1108742004264,92.462311557789,90.1408450704225,98.1333333333333,95.2134540750323,1,1,0
500,40,1,0.75,0.914712153518124,0.914572864321608,0.915492957746479,0.983783783783784,0.947916666666667,0.943715054143959,65,6,34,364,1.48424154506718,91.4712153518124,91.4572864321608,91.5492957746479,98.3783783783784,94.7916666666667,1,1,0
300,10,1,0.58,0.916844349680171,0.917085427135678,0.915492957746479,0.983827493261456,0.949284785435631,0.937575199943379,65,6,33,365,1.48423284374294,91.6844349680171,91.7085427135678,91.5492957746479,98.3827493261456,94.9284785435631,1,1,0
200,40,2,0.7,0.916844349680171,0.917085427135678,0.915492957746479,0.983827493261456,0.949284785435631,0.937433647108783,65,6,33,365,1.48420803341683,91.6844349680171,91.7085427135678,91.5492957746479,98.3827493261456,94.9284785435631,1,1,0
200,20,3,0.62,0.921108742004264,0.924623115577889,0.901408450704225,0.981333333333333,0.952134540750323,0.939203057541227,64,7,30,368,1.48415475019276,92.1108742004264,92.462311557789,90.1408450704225,98.1333333333333,95.2134540750323,1,1,0
100,15,8,0.6,0.916844349680171,0.917085427135678,0.915492957746479,0.983827493261456,0.949284785435631,0.937044376813646,65,6,33,365,1.48413980502002,91.6844349680171,91.7085427135678,91.5492957746479,98.3827493261456,94.9284785435631,1,1,0
100,50,8,0.61,0.914712153518124,0.914572864321608,0.915492957746479,0.983783783783784,0.947916666666667,0.943131148701253,65,6,34,364,1.48413920247197,91.4712153518124,91.4572864321608,91.5492957746479,98.3783783783784,94.7916666666667,1,1,0
500,15,3,0.6,0.921108742004264,0.924623115577889,0.901408450704225,0.981333333333333,0.952134540750323,0.939079198810956,64,7,30,368,1.48413304115741,92.1108742004264,92.462311557789,90.1408450704225,98.1333333333333,95.2134540750323,1,1,0
500,25,1,0.69,0.921108742004264,0.924623115577889,0.901408450704225,0.981333333333333,0.952134540750323,0.93801755255149,64,7,30,368,1.48394696371157,92.1108742004264,92.462311557789,90.1408450704225,98.1333333333333,95.2134540750323,1,1,0
500,20,10,0.56,0.918976545842217,0.922110552763819,0.901408450704225,0.981283422459893,0.950777202072539,0.944051242126124,64,7,31,367,1.48393787822311,91.8976545842217,92.2110552763819,90.1408450704225,98.1283422459893,95.0777202072539,1,1,0
100,20,1,0.68,0.918976545842217,0.922110552763819,0.901408450704225,0.981283422459893,0.950777202072539,0.944033548021799,64,7,31,367,1.48393477693235,91.8976545842217,92.2110552763819,90.1408450704225,98.1283422459893,95.0777202072539,1,1,0
300,15,5,0.66,0.91044776119403,0.907035175879397,0.929577464788732,0.986338797814208,0.945026178010471,0.939397692688796,66,5,37,361,1.48385146148913,91.044776119403,90.7035175879397,92.9577464788732,98.6338797814208,94.5026178010471,1,1,0
100,15,5,0.61,0.921108742004264,0.924623115577889,0.901408450704225,0.981333333333333,0.952134540750323,0.937327482482837,64,7,30,368,1.48382601337178,92.1108742004264,92.462311557789,90.1408450704225,98.1333333333333,95.2134540750323,1,1,0
200,40,10,0.55,0.918976545842217,0.922110552763819,0.901408450704225,0.981283422459893,0.950777202072539,0.943255007431524,64,7,31,367,1.48379832013874,91.8976545842217,92.2110552763819,90.1408450704225,98.1283422459893,95.0777202072539,1,1,0
200,30,2,0.69,0.918976545842217,0.922110552763819,0.901408450704225,0.981283422459893,0.950777202072539,0.943024984075306,64,7,31,367,1.48375800335881,91.8976545842217,92.2110552763819,90.1408450704225,98.1283422459893,95.0777202072539,1,1,0
200,25,1,0.74,0.914712153518124,0.914572864321608,0.915492957746479,0.983783783783784,0.947916666666667,0.940105456861774,65,6,34,364,1.48360888175134,91.4712153518124,91.4572864321608,91.5492957746479,98.3783783783784,94.7916666666667,1,1,0
500,50,5,0.65,0.914712153518124,0.914572864321608,0.915492957746479,0.983783783783784,0.947916666666667,0.940034680444476,65,6,34,364,1.48359647658829,91.4712153518124,91.4572864321608,91.5492957746479,98.3783783783784,94.7916666666667,1,1,0
300,10,8,0.57,0.91044776119403,0.907035175879397,0.929577464788732,0.986338797814208,0.945026178010471,0.937681364569326,66,5,37,361,1.48355063628503,91.044776119403,90.7035175879397,92.9577464788732,98.6338797814208,94.5026178010471,1,1,0
300,20,3,0.71,0.91044776119403,0.907035175879397,0.929577464788732,0.986338797814208,0.945026178010471,0.937645976360676,66,5,37,361,1.48354443370351,91.044776119403,90.7035175879397,92.9577464788732,98.6338797814208,94.5026178010471,1,1,0
200,10,5,0.64,0.91044776119403,0.907035175879397,0.929577464788732,0.986338797814208,0.945026178010471,0.937592894047703,66,5,37,361,1.48353512983121,91.044776119403,90.7035175879397,92.9577464788732,98.6338797814208,94.5026178010471,1,1,0
200,15,5,0.64,0.91044776119403,0.907035175879397,0.929577464788732,0.986338797814208,0.945026178010471,0.93738056479581,66,5,37,361,1.48349791434205,91.044776119403,90.7035175879397,92.9577464788732,98.6338797814208,94.5026178010471,1,1,0
500,30,2,0.66,0.918976545842217,0.922110552763819,0.901408450704225,0.981283422459893,0.950777202072539,0.941467902894755,64,7,31,367,1.48348508977158,91.8976545842217,92.2110552763819,90.1408450704225,98.1283422459893,95.0777202072539,1,1,0
200,40,3,0.65,0.918976545842217,0.922110552763819,0.901408450704225,0.981283422459893,0.950777202072539,0.941290961851511,64,7,31,367,1.48345407686394,91.8976545842217,92.2110552763819,90.1408450704225,98.1283422459893,95.0777202072539,1,1,0
300,20,10,0.54,0.918976545842217,0.922110552763819,0.901408450704225,0.981283422459893,0.950777202072539,0.940034680444476,64,7,31,367,1.48323388521971,91.8976545842217,92.2110552763819,90.1408450704225,98.1283422459893,95.0777202072539,1,1,0
300,10,2,0.64,0.91044776119403,0.907035175879397,0.929577464788732,0.986338797814208,0.945026178010471,0.935593460259042,66,5,37,361,1.48318468397489,91.044776119403,90.7035175879397,92.9577464788732,98.6338797814208,94.5026178010471,1,1,0
500,30,3,0.66,0.918976545842217,0.922110552763819,0.901408450704225,0.981283422459893,0.950777202072539,0.939663104253663,64,7,31,367,1.48316875811366,91.8976545842217,92.2110552763819,90.1408450704225,98.1283422459893,95.0777202072539,1,1,0
500,20,2,0.65,0.918976545842217,0.922110552763819,0.901408450704225,0.981283422459893,0.950777202072539,0.939627716045014,64,7,31,367,1.48316255553214,91.8976545842217,92.2110552763819,90.1408450704225,98.1283422459893,95.0777202072539,1,1,0
200,20,10,0.58,0.914712153518124,0.914572864321608,0.915492957746479,0.983783783783784,0.947916666666667,0.937415953004459,65,6,34,364,1.48313748555523,91.4712153518124,91.4572864321608,91.5492957746479,98.3783783783784,94.7916666666667,1,1,0
200,50,3,0.66,0.918976545842217,0.922110552763819,0.901408450704225,0.981283422459893,0.950777202072539,0.938955340080685,64,7,31,367,1.48304470648311,91.8976545842217,92.2110552763819,90.1408450704225,98.1283422459893,95.0777202072539,1,1,0
500,50,3,0.67,0.918976545842217,0.922110552763819,0.901408450704225,0.981283422459893,0.950777202072539,0.938955340080685,64,7,31,367,1.48304470648311,91.8976545842217,92.2110552763819,90.1408450704225,98.1283422459893,95.0777202072539,1,1,0
200,50,1,0.72,0.916844349680171,0.919597989949749,0.901408450704225,0.981233243967828,0.949416342412451,0.944989029655319,64,7,32,366,1.48303496552578,91.6844349680171,91.9597989949749,90.1408450704225,98.1233243967828,94.9416342412451,1,1,0
100,20,5,0.62,0.918976545842217,0.922110552763819,0.901408450704225,0.981283422459893,0.950777202072539,0.938672234411494,64,7,31,367,1.48299508583088,91.8976545842217,92.2110552763819,90.1408450704225,98.1283422459893,95.0777202072539,1,1,0
300,30,3,0.66,0.918976545842217,0.922110552763819,0.901408450704225,0.981283422459893,0.950777202072539,0.938070634864463,64,7,31,367,1.48288964194491,91.8976545842217,92.2110552763819,90.1408450704225,98.1283422459893,95.0777202072539,1,1,0
300,25,2,0.73,0.912579957356077,0.912060301507538,0.915492957746479,0.983739837398374,0.946544980443286,0.942087196546111,65,6,35,363,1.48288812141003,91.2579957356077,91.2060301507538,91.5492957746479,98.3739837398374,94.6544980443286,1,1,0
300,40,8,0.58,0.916844349680171,0.919597989949749,0.901408450704225,0.981233243967828,0.949416342412451,0.943803524665581,64,7,32,366,1.4828271790446,91.6844349680171,91.9597989949749,90.1408450704225,98.1233243967828,94.9416342412451,1,1,0
500,10,1,0.65,0.908315565031983,0.904522613065327,0.929577464788732,0.986301369863014,0.943643512450852,0.939556939627716,66,5,38,360,1.48281046628564,90.8315565031983,90.4522613065327,92.9577464788732,98.6301369863014,94.3643512450852,1,1,0
300,40,10,0.62,0.906183368869936,0.902010050251256,0.929577464788732,0.986263736263736,0.942257217847769,0.945466770472079,66,5,39,359,1.4827767268498,90.6183368869936,90.2010050251256,92.9577464788732,98.6263736263736,94.2257217847769,1,1,0
200,15,10,0.58,0.912579957356077,0.912060301507538,0.915492957746479,0.983739837398374,0.946544980443286,0.940742444617453,65,6,35,363,1.48265242331197,91.2579957356077,91.2060301507538,91.5492957746479,98.3739837398374,94.6544980443286,1,1,0
100,15,2,0.62,0.918976545842217,0.922110552763819,0.901408450704225,0.981283422459893,0.950777202072539,0.93658433010121,64,7,31,367,1.48262913352074,91.8976545842217,92.2110552763819,90.1408450704225,98.1283422459893,95.0777202072539,1,1,0
500,40,10,0.56,0.916844349680171,0.919597989949749,0.901408450704225,0.981233243967828,0.949416342412451,0.942547243258546,64,7,32,366,1.48260698740036,91.6844349680171,91.9597989949749,90.1408450704225,98.1233243967828,94.9416342412451,1,1,0
500,50,10,0.61,0.912579957356077,0.912060301507538,0.915492957746479,0.983739837398374,0.946544980443286,0.939450775001769,65,6,35,363,1.48242602908621,91.2579957356077,91.2060301507538,91.5492957746479,98.3739837398374,94.6544980443286,1,1,0
200,20,8,0.61,0.912579957356077,0.912060301507538,0.915492957746479,0.983739837398374,0.946544980443286,0.939433080897445,65,6,35,363,1.48242292779544,91.2579957356077,91.2060301507538,91.5492957746479,98.3739837398374,94.6544980443286,1,1,0
500,25,5,0.61,0.916844349680171,0.919597989949749,0.901408450704225,0.981233243967828,0.949416342412451,0.941344044164484,64,7,32,366,1.48239609962842,91.6844349680171,91.9597989949749,90.1408450704225,98.1233243967828,94.9416342412451,1,1,0
300,50,10,0.58,0.912579957356077,0.912060301507538,0.915492957746479,0.983739837398374,0.946544980443286,0.939149975228254,65,6,35,363,1.48237330714322,91.2579957356077,91.2060301507538,91.5492957746479,98.3739837398374,94.6544980443286,1,1,0
200,25,8,0.59,0.916844349680171,0.919597989949749,0.901408450704225,0.981233243967828,0.949416342412451,0.941149409016916,64,7,32,366,1.48236198543001,91.6844349680171,91.9597989949749,90.1408450704225,98.1233243967828,94.9416342412451,1,1,0
100,10,5,0.61,0.908315565031983,0.904522613065327,0.929577464788732,0.986301369863014,0.943643512450852,0.936849741666077,66,5,38,360,1.48233596879876,90.8315565031983,90.4522613065327,92.9577464788732,98.6301369863014,94.3643512450852,1,1,0
200,20,2,0.68,0.916844349680171,0.919597989949749,0.901408450704225,0.981233243967828,0.949416342412451,0.940388562530965,64,7,32,366,1.48222862992716,91.6844349680171,91.9597989949749,90.1408450704225,98.1233243967828,94.9416342412451,1,1,0
100,40,5,0.69,0.91044776119403,0.909547738693467,0.915492957746479,0.983695652173913,0.945169712793734,0.944263571378017,65,6,36,362,1.48220081418324,91.044776119403,90.9547738693467,91.5492957746479,98.3695652173913,94.5169712793734,1,1,0
500,10,2,0.6,0.912579957356077,0.912060301507538,0.915492957746479,0.983739837398374,0.946544980443286,0.937592894047703,65,6,35,363,1.48210039355599,91.2579957356077,91.2060301507538,91.5492957746479,98.3739837398374,94.6544980443286,1,1,0
100,10,8,0.53,0.916844349680171,0.919597989949749,0.901408450704225,0.981233243967828,0.949416342412451,0.939539245523392,64,7,32,366,1.4820797679705,91.6844349680171,91.9597989949749,90.1408450704225,98.1233243967828,94.9416342412451,1,1,0
500,15,2,0.61,0.916844349680171,0.919597989949749,0.901408450704225,0.981233243967828,0.949416342412451,0.935841177719584,64,7,32,366,1.48143159820084,91.6844349680171,91.9597989949749,90.1408450704225,98.1233243967828,94.9416342412451,1,1,0
100,30,8,0.65,0.91044776119403,0.909547738693467,0.915492957746479,0.983695652173913,0.945169712793734,0.939769268879609,65,6,36,362,1.4814130863292,91.044776119403,90.9547738693467,91.5492957746479,98.3695652173913,94.5169712793734,1,1,0
200,25,2,0.67,0.914712153518124,0.917085427135678,0.901408450704225,0.981182795698925,0.948051948051948,0.941397126477458,64,7,33,365,1.48133746418182,91.4712153518124,91.7085427135678,90.1408450704225,98.1182795698925,94.8051948051948,1,1,0
500,10,8,0.59,0.906183368869936,0.902010050251256,0.929577464788732,0.986263736263736,0.942257217847769,0.937097459126619,66,5,39,359,1.48130981631846,90.6183368869936,90.2010050251256,92.9577464788732,98.6263736263736,94.2257217847769,1,1,0
100,30,5,0.69,0.91044776119403,0.909547738693467,0.915492957746479,0.983695652173913,0.945169712793734,0.939061504706632,65,6,36,362,1.48128903469865,91.044776119403,90.9547738693467,91.5492957746479,98.3695652173913,94.5169712793734,1,1,0
100,30,1,0.77,0.91044776119403,0.909547738693467,0.915492957746479,0.983695652173913,0.945169712793734,0.938548375681223,65,6,36,362,1.48119909726649,91.044776119403,90.9547738693467,91.5492957746479,98.3695652173913,94.5169712793734,1,1,0
500,10,3,0.65,0.906183368869936,0.902010050251256,0.929577464788732,0.986263736263736,0.942257217847769,0.936248142119046,66,5,39,359,1.4811609543618,90.6183368869936,90.2010050251256,92.9577464788732,98.6263736263736,94.2257217847769,1,1,0
200,10,1,0.64,0.906183368869936,0.902010050251256,0.929577464788732,0.986263736263736,0.942257217847769,0.936177365701748,66,5,39,359,1.48114854919874,90.6183368869936,90.2010050251256,92.9577464788732,98.6263736263736,94.2257217847769,1,1,0
300,5,5,0.52,0.91044776119403,0.909547738693467,0.915492957746479,0.983695652173913,0.945169712793734,0.937734446882299,65,6,36,362,1.48105643789135,91.044776119403,90.9547738693467,91.5492957746479,98.3695652173913,94.5169712793734,1,1,0
100,30,2,0.73,0.908315565031983,0.907035175879397,0.915492957746479,0.983651226158038,0.943790849673203,0.943715054143959,65,6,37,361,1.48103524433086,90.8315565031983,90.7035175879397,91.5492957746479,98.3651226158038,94.3790849673203,1,1,0
200,15,8,0.62,0.91044776119403,0.909547738693467,0.915492957746479,0.983695652173913,0.945169712793734,0.93690282397905,65,6,36,362,1.48091067722545,91.044776119403,90.9547738693467,91.5492957746479,98.3695652173913,94.5169712793734,1,1,0
500,15,1,0.65,0.914712153518124,0.917085427135678,0.901408450704225,0.981182795698925,0.948051948051948,0.938831481350414,64,7,33,365,1.48088777702105,91.4712153518124,91.7085427135678,90.1408450704225,98.1182795698925,94.8051948051948,1,1,0
300,50,1,0.79,0.908315565031983,0.907035175879397,0.915492957746479,0.983651226158038,0.943790849673203,0.942529549154222,65,6,37,361,1.48082745784968,90.8315565031983,90.7035175879397,91.5492957746479,98.3651226158038,94.3790849673203,1,1,0
200,50,2,0.69,0.914712153518124,0.917085427135678,0.901408450704225,0.981182795698925,0.948051948051948,0.93769905867365,64,7,33,365,1.48068929441216,91.4712153518124,91.7085427135678,90.1408450704225,98.1182795698925,94.8051948051948,1,1,0
300,10,5,0.59,0.91044776119403,0.909547738693467,0.915492957746479,0.983695652173913,0.945169712793734,0.935133413546606,65,6,36,362,1.48060054814906,91.044776119403,90.9547738693467,91.5492957746479,98.3695652173913,94.5169712793734,1,1,0
200,10,2,0.6,0.91044776119403,0.909547738693467,0.915492957746479,0.983695652173913,0.945169712793734,0.934885696086064,65,6,36,362,1.48055713007836,91.044776119403,90.9547738693467,91.5492957746479,98.3695652173913,94.5169712793734,1,1,0
200,40,8,0.64,0.908315565031983,0.907035175879397,0.915492957746479,0.983651226158038,0.943790849673203,0.940937079765022,65,6,37,361,1.48054834168093,90.8315565031983,90.7035175879397,91.5492957746479,98.3651226158038,94.3790849673203,1,1,0
100,25,1,0.71,0.914712153518124,0.917085427135678,0.901408450704225,0.981182795698925,0.948051948051948,0.936478165475264,64,7,33,365,1.48047530534945,91.4712153518124,91.7085427135678,90.1408450704225,98.1182795698925,94.8051948051948,1,1,0
200,15,1,0.65,0.914712153518124,0.917085427135678,0.901408450704225,0.981182795698925,0.948051948051948,0.935487295633095,64,7,33,365,1.48030163306667,91.4712153518124,91.7085427135678,90.1408450704225,98.1182795698925,94.8051948051948,1,1,0
100,25,5,0.71,0.908315565031983,0.907035175879397,0.915492957746479,0.983651226158038,0.943790849673203,0.939486163210418,65,6,37,361,1.48029403583829,90.8315565031983,90.7035175879397,91.5492957746479,98.3651226158038,94.3790849673203,1,1,0
100,15,1,0.67,0.91044776119403,0.909547738693467,0.915492957746479,0.983695652173913,0.945169712793734,0.932620850732536,65,6,36,362,1.48016016486058,91.044776119403,90.9547738693467,91.5492957746479,98.3695652173913,94.5169712793734,1,1,0
300,15,3,0.64,0.912579957356077,0.914572864321608,0.901408450704225,0.981132075471698,0.94668400520156,0.940158539174747,64,7,34,364,1.48005177353988,91.2579957356077,91.4572864321608,90.1408450704225,98.1132075471698,94.6684005201561,1,1,0
100,20,10,0.61,0.912579957356077,0.914572864321608,0.901408450704225,0.981132075471698,0.94668400520156,0.939556939627716,64,7,34,364,1.47994632965391,91.2579957356077,91.4572864321608,90.1408450704225,98.1132075471698,94.6684005201561,1,1,0
300,15,8,0.62,0.908315565031983,0.907035175879397,0.915492957746479,0.983651226158038,0.943790849673203,0.937398258900135,65,6,37,361,1.47992808352815,90.8315565031983,90.7035175879397,91.5492957746479,98.3651226158038,94.3790849673203,1,1,0
300,25,1,0.72,0.912579957356077,0.914572864321608,0.901408450704225,0.981132075471698,0.94668400520156,0.938955340080685,64,7,34,364,1.47984088576794,91.2579957356077,91.4572864321608,90.1408450704225,98.1132075471698,94.6684005201561,1,1,0
200,50,10,0.6,0.91044776119403,0.912060301507538,0.901408450704225,0.981081081081081,0.9453125,0.944033548021799,64,7,35,363,1.47966169218422,91.044776119403,91.2060301507538,90.1408450704225,98.1081081081081,94.53125,1,1,0
100,10,2,0.63,0.908315565031983,0.907035175879397,0.915492957746479,0.983651226158038,0.943790849673203,0.935062637129308,65,6,37,361,1.47951871314731,90.8315565031983,90.7035175879397,91.5492957746479,98.3651226158038,94.3790849673203,1,1,0
100,50,2,0.72,0.912579957356077,0.914572864321608,0.901408450704225,0.981132075471698,0.94668400520156,0.936301224432019,64,7,34,364,1.47937569215335,91.2579957356077,91.4572864321608,90.1408450704225,98.1132075471698,94.6684005201561,1,1,0
500,30,10,0.61,0.906183368869936,0.904522613065327,0.915492957746479,0.983606557377049,0.942408376963351,0.940317786113667,65,6,38,360,1.47936970003716,90.6183368869936,90.4522613065327,91.5492957746479,98.3606557377049,94.2408376963351,1,1,0
200,30,1,0.75,0.91044776119403,0.912060301507538,0.901408450704225,0.981081081081081,0.9453125,0.940123150966098,64,7,35,363,1.47897630692539,91.044776119403,91.2060301507538,90.1408450704225,98.1081081081081,94.53125,1,1,0
100,10,1,0.62,0.906183368869936,0.904522613065327,0.915492957746479,0.983606557377049,0.942408376963351,0.937362870691485,65,6,38,360,1.47885178447958,90.6183368869936,90.4522613065327,91.5492957746479,98.3606557377049,94.2408376963351,1,1,0
300,10,3,0.61,0.906183368869936,0.904522613065327,0.915492957746479,0.983606557377049,0.942408376963351,0.93674357704013,65,6,38,360,1.47874323930284,90.6183368869936,90.4522613065327,91.5492957746479,98.3606557377049,94.2408376963351,1,1,0
100,50,1,0.75,0.91044776119403,0.912060301507538,0.901408450704225,0.981081081081081,0.9453125,0.937663670465001,64,7,35,363,1.47854522750921,91.044776119403,91.2060301507538,90.1408450704225,98.1081081081081,94.53125,1,1,0
200,15,2,0.69,0.906183368869936,0.904522613065327,0.915492957746479,0.983606557377049,0.942408376963351,0.935274966381202,65,6,38,360,1.47848583216944,90.6183368869936,90.4522613065327,91.5492957746479,98.3606557377049,94.2408376963351,1,1,0
100,25,10,0.6,0.908315565031983,0.909547738693467,0.901408450704225,0.981029810298103,0.94393741851369,0.941131714912591,64,7,36,362,1.47808314992996,90.8315565031983,90.9547738693467,90.1408450704225,98.1029810298103,94.393741851369,1,1,0
200,15,3,0.71,0.904051172707889,0.902010050251256,0.915492957746479,0.983561643835616,0.941022280471822,0.937840611508245,65,6,39,359,1.47786475343794,90.4051172707889,90.2010050251256,91.5492957746479,98.3561643835616,94.1022280471822,1,1,0
300,10,10,0.59,0.904051172707889,0.902010050251256,0.915492957746479,0.983561643835616,0.941022280471822,0.936159671597424,65,6,39,359,1.47757013081537,90.4051172707889,90.2010050251256,91.5492957746479,98.3561643835616,94.1022280471822,1,1,0
300,15,10,0.59,0.906183368869936,0.907035175879397,0.901408450704225,0.980978260869565,0.942558746736292,0.940016986340152,64,7,37,361,1.47681716869864,90.6183368869936,90.7035175879397,90.1408450704225,98.0978260869565,94.2558746736292,1,1,0
300,5,3,0.55,0.906183368869936,0.907035175879397,0.901408450704225,0.980978260869565,0.942558746736292,0.935522683841744,64,7,37,361,1.47602944084461,90.6183368869936,90.7035175879397,90.1408450704225,98.0978260869565,94.2558746736292,1,1,0
200,5,2,0.52,0.906183368869936,0.907035175879397,0.901408450704225,0.980978260869565,0.942558746736292,0.935009554816335,64,7,37,361,1.47593950341246,90.6183368869936,90.7035175879397,90.1408450704225,98.0978260869565,94.2558746736292,1,1,0
100,5,5,0.49,0.906183368869936,0.907035175879397,0.901408450704225,0.980978260869565,0.942558746736292,0.934372567060656,64,7,37,361,1.47582785694496,90.6183368869936,90.7035175879397,90.1408450704225,98.0978260869565,94.2558746736292,1,1,0
100,5,1,0.52,0.906183368869936,0.907035175879397,0.901408450704225,0.980978260869565,0.942558746736292,0.932426215584967,64,7,37,361,1.47548671496093,90.6183368869936,90.7035175879397,90.1408450704225,98.0978260869565,94.2558746736292,1,1,0
500,15,10,0.6,0.901918976545842,0.902010050251256,0.901408450704225,0.980874316939891,0.93979057591623,0.942104890650435,64,7,39,359,1.47503990183261,90.1918976545842,90.2010050251256,90.1408450704225,98.0874316939891,93.979057591623,1,1,0
100,5,3,0.54,0.904051172707889,0.904522613065327,0.901408450704225,0.980926430517711,0.941176470588235,0.935681930780664,64,7,38,360,1.47498608037904,90.4051172707889,90.4522613065327,90.1408450704225,98.0926430517711,94.1176470588235,1,1,0
100,5,2,0.55,0.904051172707889,0.904522613065327,0.901408450704225,0.980926430517711,0.941176470588235,0.933877132139571,64,7,38,360,1.47466974872112,90.4051172707889,90.4522613065327,90.1408450704225,98.0926430517711,94.1176470588235,1,1,0
500,10,10,0.58,0.901918976545842,0.902010050251256,0.901408450704225,0.980874316939891,0.93979057591623,0.938707622620143,64,7,39,359,1.47444445400594,90.1918976545842,90.2010050251256,90.1408450704225,98.0874316939891,93.979057591623,1,1,0
200,10,10,0.58,0.901918976545842,0.902010050251256,0.901408450704225,0.980874316939891,0.93979057591623,0.937008988604997,64,7,39,359,1.4741467300926,90.1918976545842,90.2010050251256,90.1408450704225,98.0874316939891,93.979057591623,1,1,0
500,5,5,0.57,0.899786780383795,0.894472361809045,0.929577464788732,0.986149584487535,0.938076416337286,0.935611154363366,66,5,42,356,0.977836586109455,89.9786780383795,89.4472361809045,92.9577464788732,98.6149584487535,93.8076416337286,1,0,0
100,50,10,0.57,0.912579957356077,0.917085427135678,0.887323943661972,0.978552278820375,0.946822308690013,0.938689928515819,63,8,33,365,0.977300657921996,91.2579957356077,91.7085427135678,88.7323943661972,97.8552278820375,94.6822308690013,0,1,0
500,5,2,0.62,0.893390191897655,0.886934673366834,0.929577464788732,0.986033519553073,0.933862433862434,0.938141411281761,66,5,45,353,0.975061274747053,89.3390191897655,88.6934673366834,92.9577464788732,98.6033519553073,93.3862433862434,1,0,0
100,5,8,0.56,0.899786780383795,0.896984924623116,0.915492957746479,0.983471074380165,0.938239159001314,0.933470167740109,65,6,41,357,0.974955183288242,89.9786780383795,89.6984924623116,91.5492957746479,98.3471074380165,93.8239159001314,1,0,0
200,10,8,0.65,0.893390191897655,0.886934673366834,0.929577464788732,0.986033519553073,0.933862433862434,0.935841177719584,66,5,45,353,0.974658106947744,89.3390191897655,88.6934673366834,92.9577464788732,98.6033519553073,93.3862433862434,1,0,0
300,5,10,0.59,0.893390191897655,0.886934673366834,0.929577464788732,0.986033519553073,0.933862433862434,0.934036379078491,66,5,45,353,0.974341775289825,89.3390191897655,88.6934673366834,92.9577464788732,98.6033519553073,93.3862433862434,1,0,0
500,5,8,0.58,0.897654584221748,0.894472361809045,0.915492957746479,0.983425414364641,0.936842105263158,0.934921084294713,65,6,42,356,0.97413669801474,89.7654584221748,89.4472361809045,91.5492957746479,98.3425414364641,93.6842105263158,1,0,0
200,5,8,0.57,0.897654584221748,0.894472361809045,0.915492957746479,0.983425414364641,0.936842105263158,0.934496425790926,65,6,42,356,0.974062267036406,89.7654584221748,89.4472361809045,91.5492957746479,98.3425414364641,93.6842105263158,1,0,0
300,5,2,0.53,0.908315565031983,0.912060301507538,0.887323943661972,0.978436657681941,0.94408322496749,0.931541510368745,63,8,35,363,0.973907586283274,90.8315565031983,91.2060301507538,88.7323943661972,97.8436657681941,94.408322496749,0,1,0
200,5,1,0.58,0.899786780383795,0.899497487437186,0.901408450704225,0.980821917808219,0.938401048492792,0.933841743930922,64,7,40,358,0.972518974081691,89.9786780383795,89.9497487437186,90.1408450704225,98.0821917808219,93.8401048492792,1,0,0
300,5,1,0.55,0.899786780383795,0.899497487437186,0.901408450704225,0.980821917808219,0.938401048492792,0.930426781796305,64,7,40,358,0.971920424964255,89.9786780383795,89.9497487437186,90.1408450704225,98.0821917808219,93.8401048492792,1,0,0
200,5,3,0.52,0.908315565031983,0.914572864321608,0.873239436619718,0.975871313672922,0.944228274967575,0.933505555948758,62,9,34,364,0.971761731636337,90.8315565031983,91.4572864321608,87.3239436619718,97.5871313672922,94.4228274967574,0,1,0
100,5,10,0.51,0.901918976545842,0.904522613065327,0.887323943661972,0.978260869565217,0.939947780678851,0.937628282256352,63,8,38,360,0.971759158744265,90.1918976545842,90.4522613065327,88.7323943661972,97.8260869565217,93.9947780678851,0,1,0
500,5,3,0.62,0.886993603411514,0.879396984924623,0.929577464788732,0.985915492957746,0.929614873837981,0.935257272276877,66,5,48,350,0.971330817324321,88.6993603411514,87.9396984924623,92.9577464788732,98.5915492957747,92.9614873837981,1,0,0
100,10,10,0.51,0.91044776119403,0.919597989949749,0.859154929577465,0.973404255319149,0.945736434108527,0.937522117630405,61,10,32,366,0.971051423646354,91.044776119403,91.9597989949749,85.9154929577465,97.3404255319149,94.5736434108527,0,1,0
200,5,5,0.55,0.897654584221748,0.896984924623116,0.901408450704225,0.980769230769231,0.937007874015748,0.930426781796305,64,7,41,357,0.970847119253233,89.7654584221748,89.6984924623116,90.1408450704225,98.0769230769231,93.7007874015748,1,0,0
200,5,10,0.6,0.889125799573561,0.884422110552764,0.915492957746479,0.983240223463687,0.931216931216931,0.937398258900135,65,6,46,352,0.970272877553811,88.9125799573561,88.4422110552764,91.5492957746479,98.3240223463687,93.1216931216931,1,0,0
300,5,8,0.4,0.925373134328358,0.944723618090452,0.816901408450704,0.966580976863753,0.955527318932656,0.93044447590063,58,13,22,376,0.969870156471848,92.5373134328358,94.4723618090452,81.6901408450704,96.6580976863753,95.5527318932656,0,1,0
500,5,1,0.52,0.908315565031983,0.917085427135678,0.859154929577465,0.973333333333333,0.944372574385511,0.931895392455234,61,10,33,365,0.968993908247815,90.8315565031983,91.7085427135678,85.9154929577465,97.3333333333333,94.4372574385511,0,1,0
500,5,10,0.54,0.897654584221748,0.902010050251256,0.873239436619718,0.97554347826087,0.93733681462141,0.931665369099016,62,9,39,359,0.966074688055574,89.7654584221748,90.2010050251256,87.3239436619718,97.554347826087,93.733681462141,0,1,0
