NumTrees,MaxNumSplits,MinLeafSize,Threshold,Accuracy,Sensitivity,Specificity,Precision,F1,AUC,TN,FP,FN,TP,TargetMet,TargetScore,AccuracyPct,SensitivityPct,SpecificityPct,PrecisionPct,F1Pct
500,25,2,0.61,0.936034115138593,0.942211055276382,0.901408450704225,0.981675392670157,0.961538461538462,0.945838346662892,64,7,23,375,0,0.98529906856694,93.6034115138593,94.2211055276382,90.1408450704225,98.1675392670157,96.1538461538462
100,20,5,0.61,0.929637526652452,0.92964824120603,0.929577464788732,0.986666666666667,0.957309184993532,0.946953075235331,66,5,28,370,0,0.978565817528897,92.9637526652452,92.964824120603,92.9577464788732,98.6666666666667,95.7309184993532
100,20,3,0.63,0.929637526652452,0.934673366834171,0.901408450704225,0.981530343007916,0.957528957528958,0.946280699271003,64,7,26,372,0,0.978565817528897,92.9637526652452,93.4673366834171,90.1408450704225,98.1530343007915,95.7528957528958
300,30,1,0.71,0.929637526652452,0.934673366834171,0.901408450704225,0.981530343007916,0.957528957528958,0.945997593601812,64,7,26,372,0,0.978565817528897,92.9637526652452,93.4673366834171,90.1408450704225,98.1530343007915,95.7528957528958
500,25,5,0.62,0.927505330490405,0.92713567839196,0.929577464788732,0.986631016042781,0.955958549222798,0.945165970698563,66,5,29,369,0,0.976321400516216,92.7505330490405,92.713567839196,92.9577464788732,98.6631016042781,95.5958549222798
100,25,1,0.71,0.927505330490405,0.92964824120603,0.915492957746479,0.984042553191489,0.956072351421189,0.947607757095336,65,6,28,370,0,0.976321400516216,92.7505330490405,92.964824120603,91.5492957746479,98.4042553191489,95.6072351421189
200,25,1,0.7,0.927505330490405,0.92964824120603,0.915492957746479,0.984042553191489,0.956072351421189,0.943166536909902,65,6,28,370,0,0.976321400516216,92.7505330490405,92.964824120603,91.5492957746479,98.4042553191489,95.6072351421189
300,20,3,0.63,0.927505330490405,0.92964824120603,0.915492957746479,0.984042553191489,0.956072351421189,0.947023851652629,65,6,28,370,0,0.976321400516216,92.7505330490405,92.964824120603,91.5492957746479,98.4042553191489,95.6072351421189
100,15,1,0.67,0.927505330490405,0.9321608040201,0.901408450704225,0.981481481481482,0.956185567010309,0.939326916271498,64,7,27,371,0,0.976321400516216,92.7505330490405,93.21608040201,90.1408450704225,98.1481481481482,95.6185567010309
200,15,1,0.63,0.927505330490405,0.9321608040201,0.901408450704225,0.981481481481482,0.956185567010309,0.947023851652629,64,7,27,371,0,0.976321400516216,92.7505330490405,93.21608040201,90.1408450704225,98.1481481481482,95.6185567010309
300,20,2,0.66,0.927505330490405,0.9321608040201,0.901408450704225,0.981481481481482,0.956185567010309,0.940795526930427,64,7,27,371,0,0.976321400516216,92.7505330490405,93.21608040201,90.1408450704225,98.1481481481482,95.6185567010309
300,30,3,0.62,0.927505330490405,0.9321608040201,0.901408450704225,0.981481481481482,0.956185567010309,0.945696793828296,64,7,27,371,0,0.976321400516216,92.7505330490405,93.21608040201,90.1408450704225,98.1481481481482,95.6185567010309
200,15,5,0.61,0.925373134328358,0.924623115577889,0.929577464788732,0.986595174262735,0.954604409857328,0.944440512421261,66,5,30,368,0,0.974076983503535,92.5373134328358,92.462311557789,92.9577464788732,98.6595174262735,95.4604409857328
100,30,1,0.71,0.925373134328358,0.92713567839196,0.915492957746479,0.984,0.954721862871928,0.942954207658008,65,6,29,369,0,0.974076983503535,92.5373134328358,92.713567839196,91.5492957746479,98.4,95.4721862871928
500,20,1,0.66,0.925373134328358,0.92713567839196,0.915492957746479,0.984,0.954721862871928,0.942494160945573,65,6,29,369,0,0.974076983503535,92.5373134328358,92.713567839196,91.5492957746479,98.4,95.4721862871928
500,30,5,0.63,0.925373134328358,0.92713567839196,0.915492957746479,0.984,0.954721862871928,0.946634581357492,65,6,29,369,0,0.974076983503535,92.5373134328358,92.713567839196,91.5492957746479,98.4,95.4721862871928
100,20,1,0.7,0.925373134328358,0.92964824120603,0.901408450704225,0.981432360742706,0.954838709677419,0.937292094274188,64,7,28,370,0,0.974076983503535,92.5373134328358,92.964824120603,90.1408450704225,98.1432360742706,95.4838709677419
100,30,2,0.66,0.925373134328358,0.92964824120603,0.901408450704225,0.981432360742706,0.954838709677419,0.947820086347229,64,7,28,370,0,0.974076983503535,92.5373134328358,92.964824120603,90.1408450704225,98.1432360742706,95.4838709677419
200,20,2,0.65,0.925373134328358,0.92964824120603,0.901408450704225,0.981432360742706,0.954838709677419,0.945095194281265,64,7,28,370,0,0.974076983503535,92.5373134328358,92.964824120603,90.1408450704225,98.1432360742706,95.4838709677419
200,20,3,0.61,0.925373134328358,0.92964824120603,0.901408450704225,0.981432360742706,0.954838709677419,0.950916554604006,64,7,28,370,0,0.974076983503535,92.5373134328358,92.964824120603,90.1408450704225,98.1432360742706,95.4838709677419
200,25,2,0.67,0.925373134328358,0.92964824120603,0.901408450704225,0.981432360742706,0.954838709677419,0.950491896100219,64,7,28,370,0,0.974076983503535,92.5373134328358,92.964824120603,90.1408450704225,98.1432360742706,95.4838709677419
300,20,1,0.68,0.925373134328358,0.92964824120603,0.901408450704225,0.981432360742706,0.954838709677419,0.941432514686107,64,7,28,370,0,0.974076983503535,92.5373134328358,92.964824120603,90.1408450704225,98.1432360742706,95.4838709677419
300,25,1,0.71,0.925373134328358,0.92964824120603,0.901408450704225,0.981432360742706,0.954838709677419,0.940512421261236,64,7,28,370,0,0.974076983503535,92.5373134328358,92.964824120603,90.1408450704225,98.1432360742706,95.4838709677419
300,25,5,0.59,0.925373134328358,0.92964824120603,0.901408450704225,0.981432360742706,0.954838709677419,0.944546677047208,64,7,28,370,0,0.974076983503535,92.5373134328358,92.964824120603,90.1408450704225,98.1432360742706,95.4838709677419
300,30,2,0.69,0.925373134328358,0.92964824120603,0.901408450704225,0.981432360742706,0.954838709677419,0.944617453464506,64,7,28,370,0,0.974076983503535,92.5373134328358,92.964824120603,90.1408450704225,98.1432360742706,95.4838709677419
500,25,1,0.69,0.925373134328358,0.92964824120603,0.901408450704225,0.981432360742706,0.954838709677419,0.946776134192087,64,7,28,370,0,0.974076983503535,92.5373134328358,92.964824120603,90.1408450704225,98.1432360742706,95.4838709677419
500,30,2,0.64,0.925373134328358,0.92964824120603,0.901408450704225,0.981432360742706,0.954838709677419,0.945767570245594,64,7,28,370,0,0.974076983503535,92.5373134328358,92.964824120603,90.1408450704225,98.1432360742706,95.4838709677419
500,30,3,0.67,0.925373134328358,0.92964824120603,0.901408450704225,0.981432360742706,0.954838709677419,0.948917120815344,64,7,28,370,0,0.974076983503535,92.5373134328358,92.964824120603,90.1408450704225,98.1432360742706,95.4838709677419
100,10,1,0.6,0.923240938166311,0.924623115577889,0.915492957746479,0.983957219251337,0.953367875647668,0.942671101988817,65,6,30,368,0,0.971832566490854,92.3240938166311,92.462311557789,91.5492957746479,98.3957219251337,95.3367875647669
200,25,3,0.68,0.923240938166311,0.924623115577889,0.915492957746479,0.983957219251337,0.953367875647668,0.947678533512634,65,6,30,368,0,0.971832566490854,92.3240938166311,92.462311557789,91.5492957746479,98.3957219251337,95.3367875647669
300,15,5,0.61,0.923240938166311,0.924623115577889,0.915492957746479,0.983957219251337,0.953367875647668,0.942352608110977,65,6,30,368,0,0.971832566490854,92.3240938166311,92.462311557789,91.5492957746479,98.3957219251337,95.3367875647669
300,25,3,0.66,0.923240938166311,0.924623115577889,0.915492957746479,0.983957219251337,0.953367875647668,0.943255007431524,65,6,30,368,0,0.971832566490854,92.3240938166311,92.462311557789,91.5492957746479,98.3957219251337,95.3367875647669
500,30,1,0.71,0.923240938166311,0.924623115577889,0.915492957746479,0.983957219251337,0.953367875647668,0.945979899497488,65,6,30,368,0,0.971832566490854,92.3240938166311,92.462311557789,91.5492957746479,98.3957219251337,95.3367875647669
100,10,5,0.57,0.923240938166311,0.92713567839196,0.901408450704225,0.981382978723404,0.953488372093023,0.946457640314247,64,7,29,369,0,0.971832566490854,92.3240938166311,92.713567839196,90.1408450704225,98.1382978723404,95.3488372093023
100,30,5,0.62,0.923240938166311,0.92713567839196,0.901408450704225,0.981382978723404,0.953488372093023,0.948333215372638,64,7,29,369,0,0.971832566490854,92.3240938166311,92.713567839196,90.1408450704225,98.1382978723404,95.3488372093023
200,30,3,0.68,0.923240938166311,0.92713567839196,0.901408450704225,0.981382978723404,0.953488372093023,0.942954207658008,64,7,29,369,0,0.971832566490854,92.3240938166311,92.713567839196,90.1408450704225,98.1382978723404,95.3488372093023
300,15,2,0.63,0.923240938166311,0.92713567839196,0.901408450704225,0.981382978723404,0.953488372093023,0.945413688159105,64,7,29,369,0,0.971832566490854,92.3240938166311,92.713567839196,90.1408450704225,98.1382978723404,95.3488372093023
300,30,5,0.61,0.923240938166311,0.92713567839196,0.901408450704225,0.981382978723404,0.953488372093023,0.947483898365065,64,7,29,369,0,0.971832566490854,92.3240938166311,92.713567839196,90.1408450704225,98.1382978723404,95.3488372093023
500,15,2,0.62,0.923240938166311,0.92713567839196,0.901408450704225,0.981382978723404,0.953488372093023,0.946599193148843,64,7,29,369,0,0.971832566490854,92.3240938166311,92.713567839196,90.1408450704225,98.1382978723404,95.3488372093023
500,20,2,0.67,0.923240938166311,0.92713567839196,0.901408450704225,0.981382978723404,0.953488372093023,0.945962205393163,64,7,29,369,0,0.971832566490854,92.3240938166311,92.713567839196,90.1408450704225,98.1382978723404,95.3488372093023
100,15,2,0.59,0.936034115138593,0.944723618090452,0.887323943661972,0.979166666666667,0.961636828644501,0.941220185434213,63,8,22,376,0,0.971421616896983,93.6034115138593,94.4723618090452,88.7323943661972,97.9166666666667,96.1636828644501
100,10,3,0.61,0.921108742004264,0.919597989949749,0.929577464788732,0.986522911051213,0.951885565669701,0.937345176587161,66,5,32,366,0,0.969588149478173,92.1108742004264,91.9597989949749,92.9577464788732,98.6522911051213,95.1885565669701
300,25,2,0.69,0.921108742004264,0.922110552763819,0.915492957746479,0.983914209115281,0.95201037613489,0.94447590062991,65,6,31,367,0,0.969588149478173,92.1108742004264,92.2110552763819,91.5492957746479,98.3914209115281,95.201037613489
500,25,3,0.67,0.921108742004264,0.922110552763819,0.915492957746479,0.983914209115281,0.95201037613489,0.940087762757449,65,6,31,367,0,0.969588149478173,92.1108742004264,92.2110552763819,91.5492957746479,98.3914209115281,95.201037613489
100,20,2,0.68,0.921108742004264,0.924623115577889,0.901408450704225,0.981333333333333,0.952134540750323,0.942069502441786,64,7,30,368,0,0.969588149478173,92.1108742004264,92.462311557789,90.1408450704225,98.1333333333333,95.2134540750323
200,20,5,0.63,0.921108742004264,0.924623115577889,0.901408450704225,0.981333333333333,0.952134540750323,0.944033548021799,64,7,30,368,0,0.969588149478173,92.1108742004264,92.462311557789,90.1408450704225,98.1333333333333,95.2134540750323
300,10,1,0.58,0.921108742004264,0.924623115577889,0.901408450704225,0.981333333333333,0.952134540750323,0.943591195413688,64,7,30,368,0,0.969588149478173,92.1108742004264,92.462311557789,90.1408450704225,98.1333333333333,95.2134540750323
300,15,3,0.61,0.921108742004264,0.924623115577889,0.901408450704225,0.981333333333333,0.952134540750323,0.943573501309364,64,7,30,368,0,0.969588149478173,92.1108742004264,92.462311557789,90.1408450704225,98.1333333333333,95.2134540750323
200,10,3,0.61,0.918976545842217,0.917085427135678,0.929577464788732,0.986486486486487,0.950520833333333,0.940653974095831,66,5,33,365,0,0.967343732465492,91.8976545842217,91.7085427135678,92.9577464788732,98.6486486486486,95.0520833333333
300,10,2,0.63,0.918976545842217,0.917085427135678,0.929577464788732,0.986486486486487,0.950520833333333,0.943343477953146,66,5,33,365,0,0.967343732465492,91.8976545842217,91.7085427135678,92.9577464788732,98.6486486486486,95.0520833333333
100,25,5,0.61,0.918976545842217,0.919597989949749,0.915492957746479,0.983870967741935,0.950649350649351,0.947696227616958,65,6,32,366,0,0.967343732465492,91.8976545842217,91.9597989949749,91.5492957746479,98.3870967741936,95.0649350649351
200,30,1,0.74,0.918976545842217,0.919597989949749,0.915492957746479,0.983870967741935,0.950649350649351,0.940777832826102,65,6,32,366,0,0.967343732465492,91.8976545842217,91.9597989949749,91.5492957746479,98.3870967741936,95.0649350649351
500,15,3,0.64,0.918976545842217,0.919597989949749,0.915492957746479,0.983870967741935,0.950649350649351,0.943891995187204,65,6,32,366,0,0.967343732465492,91.8976545842217,91.9597989949749,91.5492957746479,98.3870967741936,95.0649350649351
100,30,3,0.65,0.918976545842217,0.922110552763819,0.901408450704225,0.981283422459893,0.950777202072539,0.944829782716399,64,7,31,367,0,0.967343732465492,91.8976545842217,92.2110552763819,90.1408450704225,98.1283422459893,95.0777202072539
200,20,1,0.72,0.918976545842217,0.922110552763819,0.901408450704225,0.981283422459893,0.950777202072539,0.939503857314743,64,7,31,367,0,0.967343732465492,91.8976545842217,92.2110552763819,90.1408450704225,98.1283422459893,95.0777202072539
200,30,2,0.67,0.918976545842217,0.922110552763819,0.901408450704225,0.981283422459893,0.950777202072539,0.94495364144667,64,7,31,367,0,0.967343732465492,91.8976545842217,92.2110552763819,90.1408450704225,98.1283422459893,95.0777202072539
300,10,3,0.58,0.918976545842217,0.922110552763819,0.901408450704225,0.981283422459893,0.950777202072539,0.940990162077996,64,7,31,367,0,0.967343732465492,91.8976545842217,92.2110552763819,90.1408450704225,98.1283422459893,95.0777202072539
300,20,5,0.63,0.918976545842217,0.922110552763819,0.901408450704225,0.981283422459893,0.950777202072539,0.943113454596928,64,7,31,367,0,0.967343732465492,91.8976545842217,92.2110552763819,90.1408450704225,98.1283422459893,95.0777202072539
500,20,3,0.66,0.918976545842217,0.922110552763819,0.901408450704225,0.981283422459893,0.950777202072539,0.945502158680728,64,7,31,367,0,0.967343732465492,91.8976545842217,92.2110552763819,90.1408450704225,98.1283422459893,95.0777202072539
100,25,3,0.72,0.916844349680171,0.917085427135678,0.915492957746479,0.983827493261456,0.949284785435631,0.950438813787246,65,6,33,365,0,0.965099315452811,91.6844349680171,91.7085427135678,91.5492957746479,98.3827493261456,94.9284785435631
200,30,5,0.66,0.916844349680171,0.917085427135678,0.915492957746479,0.983827493261456,0.949284785435631,0.945997593601812,65,6,33,365,0,0.965099315452811,91.6844349680171,91.7085427135678,91.5492957746479,98.3827493261456,94.9284785435631
300,10,5,0.58,0.916844349680171,0.917085427135678,0.915492957746479,0.983827493261456,0.949284785435631,0.939503857314743,65,6,33,365,0,0.965099315452811,91.6844349680171,91.7085427135678,91.5492957746479,98.3827493261456,94.9284785435631
100,15,3,0.62,0.916844349680171,0.919597989949749,0.901408450704225,0.981233243967828,0.949416342412451,0.940512421261236,64,7,32,366,0,0.965099315452811,91.6844349680171,91.9597989949749,90.1408450704225,98.1233243967828,94.9416342412451
200,10,2,0.6,0.916844349680171,0.919597989949749,0.901408450704225,0.981233243967828,0.949416342412451,0.94100785618232,64,7,32,366,0,0.965099315452811,91.6844349680171,91.9597989949749,90.1408450704225,98.1233243967828,94.9416342412451
200,25,5,0.66,0.916844349680171,0.919597989949749,0.901408450704225,0.981233243967828,0.949416342412451,0.946546110835869,64,7,32,366,0,0.965099315452811,91.6844349680171,91.9597989949749,90.1408450704225,98.1233243967828,94.9416342412451
500,10,2,0.58,0.916844349680171,0.919597989949749,0.901408450704225,0.981233243967828,0.949416342412451,0.941680232146649,64,7,32,366,0,0.965099315452811,91.6844349680171,91.9597989949749,90.1408450704225,98.1233243967828,94.9416342412451
500,10,3,0.56,0.916844349680171,0.919597989949749,0.901408450704225,0.981233243967828,0.949416342412451,0.942387996319626,64,7,32,366,0,0.965099315452811,91.6844349680171,91.9597989949749,90.1408450704225,98.1233243967828,94.9416342412451
500,15,5,0.63,0.916844349680171,0.919597989949749,0.901408450704225,0.981233243967828,0.949416342412451,0.944405124212612,64,7,32,366,0,0.965099315452811,91.6844349680171,91.9597989949749,90.1408450704225,98.1233243967828,94.9416342412451
500,20,5,0.62,0.916844349680171,0.919597989949749,0.901408450704225,0.981233243967828,0.949416342412451,0.944759006299101,64,7,32,366,0,0.965099315452811,91.6844349680171,91.9597989949749,90.1408450704225,98.1233243967828,94.9416342412451
100,25,2,0.74,0.914712153518124,0.912060301507538,0.929577464788732,0.986413043478261,0.947780678851175,0.94260032557152,66,5,35,363,0,0.96285489844013,91.4712153518124,91.2060301507538,92.9577464788732,98.6413043478261,94.7780678851175
100,15,5,0.63,0.914712153518124,0.917085427135678,0.901408450704225,0.981182795698925,0.948051948051948,0.940830915139076,64,7,33,365,0,0.96285489844013,91.4712153518124,91.7085427135678,90.1408450704225,98.1182795698925,94.8051948051948
300,15,1,0.69,0.914712153518124,0.917085427135678,0.901408450704225,0.981182795698925,0.948051948051948,0.944210489065044,64,7,33,365,0,0.96285489844013,91.4712153518124,91.7085427135678,90.1408450704225,98.1182795698925,94.8051948051948
200,10,1,0.66,0.912579957356077,0.912060301507538,0.915492957746479,0.983739837398374,0.946544980443286,0.940016986340151,65,6,35,363,0,0.960610481427449,91.2579957356077,91.2060301507538,91.5492957746479,98.3739837398374,94.6544980443286
200,15,2,0.66,0.912579957356077,0.914572864321608,0.901408450704225,0.981132075471698,0.94668400520156,0.941998726024488,64,7,34,364,0,0.960610481427449,91.2579957356077,91.4572864321608,90.1408450704225,98.1132075471698,94.6684005201561
500,10,1,0.63,0.912579957356077,0.914572864321608,0.901408450704225,0.981132075471698,0.94668400520156,0.942954207658008,64,7,34,364,0,0.960610481427449,91.2579957356077,91.4572864321608,90.1408450704225,98.1132075471698,94.6684005201561
500,15,1,0.63,0.925373134328358,0.9321608040201,0.887323943661972,0.978891820580475,0.954954954954955,0.943485030787742,63,8,27,371,0,0.960357589369682,92.5373134328358,93.21608040201,88.7323943661972,97.8891820580475,95.4954954954955
500,10,5,0.61,0.908315565031983,0.909547738693467,0.901408450704225,0.981029810298103,0.94393741851369,0.941220185434213,64,7,36,362,0,0.956121647402087,90.8315565031983,90.9547738693467,90.1408450704225,98.1029810298103,94.393741851369
200,10,5,0.56,0.921108742004264,0.92713567839196,0.887323943661972,0.978779840848806,0.952258064516129,0.941538679312053,63,8,29,369,0,0.955931978358762,92.1108742004264,92.713567839196,88.7323943661972,97.8779840848806,95.2258064516129
100,10,2,0.64,0.906183368869936,0.907035175879397,0.901408450704225,0.980978260869565,0.942558746736292,0.938318352325005,64,7,37,361,0,0.953877230389406,90.6183368869936,90.7035175879397,90.1408450704225,98.0978260869565,94.2558746736292
200,15,3,0.66,0.91044776119403,0.914572864321608,0.887323943661972,0.978494623655914,0.945454545454545,0.939946209922854,63,8,34,364,0,0.944867950831462,91.044776119403,91.4572864321608,88.7323943661972,97.8494623655914,94.5454545454545
