ImageFilename,GroundTruth,Prediction,IsCorrect,Confidence,TargetLayer,MeanActivation,MaxActivation,ActivatedAreaPct,CentroidDist
1ae8c165fd53.png,2,2,1,0.788947284221649,res5c_branch2c,0.00314067490398884,0.113214485347271,0.0369698660714286,57.1607856750488
1b398c0494d1.png,0,0,1,0.976427733898163,res5c_branch2c,0.0234447214752436,0.107109643518925,0.334701849489796,15.8886528015137
1c13a1483f4a.png,0,0,1,0.964612603187561,res5c_branch2c,0.0340155772864819,0.155618593096733,0.34163743622449,16.8203678131104
1c4f3aa4df06.png,4,2,0,0.509051263332367,res5c_branch2c,0.0104894135147333,0.105034254491329,0.163265306122449,21.6444835662842
1c5ad36fb799.png,2,2,1,0.91115266084671,res5c_branch2c,0.00279353768564761,0.0938674062490463,0.0414740114795918,61.0129623413086
1c6d119c3d70.png,2,2,1,0.962767660617828,res5c_branch2c,0.00343551207333803,0.0552091635763645,0.0946867028061224,40.2900505065918
1caba2fb38f6.png,0,0,1,0.944002032279968,res5c_branch2c,0.0398947522044182,0.166541010141373,0.398975605867347,22.8769187927246
1d674e2e32e0.png,1,2,0,0.730995357036591,res5c_branch2c,0.000119057673146017,0.0058267773129046,0.0393813775510204,9.5196647644043
1dd9adcbfff4.png,2,2,1,0.925946652889252,res5c_branch2c,0.00170344556681812,0.0213873796164989,0.132991868622449,21.0538597106934
1df1530b9b8d.png,0,0,1,0.986693561077118,res5c_branch2c,0.0144751416519284,0.0789614543318748,0.271942761479592,12.2452268600464
1e4650743fa2.png,2,2,1,0.889671266078949,res5c_branch2c,0.000781560956966132,0.0428822338581085,0.026985012755102,29.3091239929199
1e8a1fdee5b9.png,1,1,1,0.847332835197449,res5c_branch2c,0.0206238199025393,0.180741786956787,0.161850286989796,18.9431934356689
1f4bf8e28b41.png,2,2,1,0.766177237033844,res5c_branch2c,0.00231275102123618,0.057215753942728,0.0710499043367347,24.7966156005859
1f543a86c4d4.png,2,2,1,0.472417712211609,res5c_branch2c,0.0293231550604105,0.167390912771225,0.298788265306122,7.03418970108032
201f6e10c108.png,0,0,1,0.987164258956909,res5c_branch2c,0.0205662492662668,0.0894273519515991,0.378627232142857,15.7905416488647
201f882365d3.png,0,0,1,0.998764395713806,res5c_branch2c,0.00309175136499107,0.014251958578825,0.310467155612245,20.9769668579102
20c883d3bd38.png,2,2,1,0.83317643404007,res5c_branch2c,0.0138235930353403,0.2060686647892,0.114855707908163,20.3550128936768
21037f5c7790.png,0,0,1,0.99964427947998,res5c_branch2c,0.00116322899702936,0.00622141594067216,0.276068239795918,37.943416595459
2131aa3a1e6f.png,2,2,1,0.453678399324417,res5c_branch2c,0.0050866911187768,0.0835502147674561,0.12109375,19.3643760681152
222f3ee3a1e8.png,4,4,1,0.481998860836029,res5c_branch2c,0.01459248829633,0.205579310655594,0.110650510204082,39.449275970459
237aa50edc34.png,0,0,1,0.998162925243378,res5c_branch2c,0.00489343469962478,0.017259519547224,0.417211415816327,6.97960901260376
242fc19be06f.png,0,0,1,0.920445203781128,res5c_branch2c,0.0757699683308601,0.338552594184875,0.285235969387755,28.4044513702393
246e4506824a.png,2,2,1,0.94057297706604,res5c_branch2c,0.00491552101448178,0.0422911196947098,0.177236128826531,27.1612510681152
24de56d433cd.png,0,0,1,0.793655395507812,res5c_branch2c,0.17556557059288,0.686293661594391,0.383250956632653,43.7362098693848
253e96488cfb.png,0,1,0,0.684018492698669,res5c_branch2c,0.0767200365662575,0.352307200431824,0.312081473214286,17.5179805755615
2585bbc91909.png,0,0,1,0.999974370002747,res5c_branch2c,0.000112694971903693,0.000364350649761036,0.455098054846939,30.0419292449951
259d30f693b6.png,1,0,0,0.487910151481628,res5c_branch2c,0.115695677697659,0.500778079032898,0.402543048469388,42.8898506164551
25b0e72705a8.png,3,2,0,0.670082867145538,res5c_branch2c,0.0010784191545099,0.0270244423300028,0.0651506696428571,15.7929010391235
25d069089c5e.png,4,2,0,0.476250827312469,res5c_branch2c,0.00278871785849333,0.0495953224599361,0.0829679528061224,41.2466850280762
2665f72e2dd3.png,3,3,1,0.463686794042587,res5c_branch2c,0.065184012055397,0.424363434314728,0.263871173469388,29.718132019043
2682e6da9050.png,0,0,1,0.999982357025146,res5c_branch2c,8.55855760164559e-05,0.000262758694589138,0.507274394132653,12.1067552566528
27e2be850a99.png,4,4,1,0.92347240447998,res5c_branch2c,0.00848702061921358,0.0431093834340572,0.322544642857143,36.040714263916
281d7b7c7676.png,4,2,0,0.635445654392242,res5c_branch2c,0.0528696328401566,0.185667753219604,0.443020567602041,24.8854351043701
28f73575e1f2.png,0,0,1,0.999999523162842,res5c_branch2c,4.00013277612743e-06,1.20457825687481e-05,0.54133450255102,13.1062812805176
2927665214e1.png,0,0,1,0.882529199123383,res5c_branch2c,0.0563133507966995,0.30689349770546,0.255919164540816,16.9560565948486
29a13e666266.png,0,0,1,0.995105862617493,res5c_branch2c,0.00647655129432678,0.0378328897058964,0.210439253826531,31.9531784057617
29b52f64d2db.png,1,2,0,0.613886833190918,res5c_branch2c,0.00571766961365938,0.0945233926177025,0.100047831632653,24.867977142334
2a2a6435f7f3.png,0,0,1,0.831338763237,res5c_branch2c,0.0799921080470085,0.3393734395504,0.34586256377551,46.280460357666
2a3378bcfbcc.png,2,2,1,0.495501011610031,res5c_branch2c,0.000783027207944542,0.0279612597078085,0.0503427933673469,22.5783500671387
2b2f5a0f880d.png,0,0,1,0.999993324279785,res5c_branch2c,3.76888892787974e-05,0.000107076120912097,0.577666613520408,14.2147483825684
2b3a4a81d748.png,0,0,1,0.986845374107361,res5c_branch2c,0.0240758024156094,0.0769854113459587,0.450733418367347,26.2065963745117
2c1d5be654dd.png,2,2,1,0.86557149887085,res5c_branch2c,0.007229910697788,0.121327184140682,0.0888671875,38.3976058959961
2cdcc910778d.png,0,0,1,1,res5c_branch2c,7.19550996564067e-07,2.46428476202709e-06,0.460020727040816,4.93087863922119
2e26762daed5.png,2,2,1,0.791244208812714,res5c_branch2c,0.0197640303522348,0.245939686894417,0.10758131377551,46.7203025817871
2f284b6a1940.png,4,4,1,0.737438380718231,res5c_branch2c,0.00067073869286105,0.0219021867960691,0.0477120535714286,17.3213481903076
2f9b66784109.png,2,2,1,0.908193349838257,res5c_branch2c,0,0,0,0
2fdffb6160a6.png,2,2,1,0.536346912384033,res5c_branch2c,0.0058540883474052,0.138650268316269,0.0643335459183673,3.96445035934448
306c841af3fc.png,0,0,1,0.999963283538818,res5c_branch2c,0.000141815762617625,0.00038108485750854,0.569256218112245,13.8074989318848
3128eb593012.png,2,2,1,0.400987803936005,res5c_branch2c,0.0307923220098019,0.310213983058929,0.103136957908163,50.1442070007324
3132556f5352.png,0,0,1,0.95284765958786,res5c_branch2c,0.04900037124753,0.313956409692764,0.209044164540816,14.3280477523804
318eb706a134.png,0,0,1,0.999993681907654,res5c_branch2c,3.52143433701713e-05,0.000134193804115057,0.443538743622449,20.5240249633789
31b5d6fb0256.png,2,2,1,0.669897496700287,res5c_branch2c,0.0083879679441452,0.187000811100006,0.0821508290816327,14.046199798584
33ffddea8c6e.png,1,0,0,0.934000492095947,res5c_branch2c,0.102637231349945,0.434600591659546,0.366031568877551,20.7918872833252
345b1f0abbba.png,0,0,1,0.998173952102661,res5c_branch2c,0.00529833603650331,0.0191146861761808,0.417948820153061,16.5813102722168
34a7dbd3f05c.png,0,0,1,0.99996542930603,res5c_branch2c,0.000188865989912301,0.000559987442102283,0.537547831632653,20.8757305145264
356304d15a5c.png,0,0,1,0.999130189418793,res5c_branch2c,0.00239696609787643,0.011300241574645,0.297452965561224,11.7123422622681
3580a545016d.png,0,0,1,0.823186159133911,res5c_branch2c,0.0775169879198074,0.314626902341843,0.407963966836735,26.1053237915039
358d2224de73.png,1,2,0,0.915634989738464,res5c_branch2c,0.000392277957871556,0.0175152011215687,0.0334622130102041,33.411506652832
362c4a96cebb.png,2,2,1,0.801849842071533,res5c_branch2c,0.00246112933382392,0.054695125669241,0.0705915178571429,22.3782157897949
374535e0adb8.png,4,2,0,0.564403295516968,res5c_branch2c,0.0393425524234772,0.143959373235703,0.503786670918367,21.3455543518066
3748349334f6.png,2,2,1,0.887111783027649,res5c_branch2c,0.00375092588365078,0.0516651049256325,0.108816964285714,54.0838584899902
382752f6694a.png,1,2,0,0.556377470493317,res5c_branch2c,0.00763769773766398,0.127421841025352,0.0913384885204082,18.3811168670654
38373431d996.png,0,0,1,0.999999284744263,res5c_branch2c,5.03824003317277e-06,1.75754848896759e-05,0.486866230867347,17.9999866485596
387138ddf43d.png,0,0,1,0.999738276004791,res5c_branch2c,0.000403364887461066,0.0020063454285264,0.277742346938776,49.1527328491211
38e0e28d35d3.png,1,0,0,0.954112648963928,res5c_branch2c,0.0534772202372551,0.244286611676216,0.413504464285714,24.3738021850586
39fd8ef3a45c.png,0,0,1,0.998452425003052,res5c_branch2c,0.00315627921372652,0.0165421552956104,0.26237643494898,42.7163734436035
3a122851e526.png,2,2,1,0.960031032562256,res5c_branch2c,0.000436994334449992,0.0240721311420202,0.0327248086734694,14.9286212921143
3ac92ac3d65a.png,0,0,1,0.999997496604919,res5c_branch2c,1.39961612148909e-05,6.93770562065765e-05,0.238779496173469,28.760290145874
3af9aaa880e9.png,0,0,1,0.999696135520935,res5c_branch2c,0.000829874246846884,0.00399867072701454,0.321588010204082,31.0548000335693
3b018e8b7303.png,3,2,0,0.851415514945984,res5c_branch2c,0.0141263399273157,0.0940942689776421,0.249880420918367,13.0575828552246
3b0190bbe615.png,0,0,1,0.974402964115143,res5c_branch2c,0.0345040000975132,0.105344273149967,0.525171396683674,16.9271831512451
3b10191dfd25.png,0,0,1,0.999413967132568,res5c_branch2c,0.00146993983071297,0.00500718597322702,0.510124362244898,18.0162525177002
3b4a5fcbe5e0.png,4,4,1,0.67627477645874,res5c_branch2c,0.020467184484005,0.237178713083267,0.124900350765306,37.4229469299316
3b73a3a4a734.png,1,1,1,0.678235590457916,res5c_branch2c,0.00452321581542492,0.0780786573886871,0.103714923469388,6.97240114212036
3cab32dd6ef9.png,0,0,1,0.955254554748535,res5c_branch2c,0.049453116953373,0.254514396190643,0.269451530612245,41.9565200805664
3d3e288d490e.png,2,2,1,0.643915414810181,res5c_branch2c,0.0346188880503178,0.180379003286362,0.37370455994898,23.1517333984375
3e61703b5ab2.png,0,0,1,0.999978423118591,res5c_branch2c,0.00010357429709984,0.000362725637387484,0.473234215561224,15.5084543228149
3f49f8d100e9.png,3,3,1,0.670843541622162,res5c_branch2c,0.0393175892531872,0.136117488145828,0.545858577806122,23.5824718475342
3fc219927a97.png,2,2,1,0.509204685688019,res5c_branch2c,0.000983081175945699,0.0481127165257931,0.0393813775510204,10.3143844604492
3fe282197c1c.png,0,0,1,0.999992609024048,res5c_branch2c,3.8586320442846e-05,0.00017845252295956,0.307477678571429,27.3999805450439
40527a5e95dd.png,2,2,1,0.706523597240448,res5c_branch2c,0.00719815958291292,0.1347696185112,0.0935108418367347,31.8734836578369
405b4f78658f.png,3,2,0,0.413029760122299,res5c_branch2c,0.0736748576164246,0.299300193786621,0.326809630102041,37.5104942321777
40dd4e6e4444.png,0,0,1,0.999927878379822,res5c_branch2c,0.000253190111834556,0.00114491977728903,0.318259725765306,33.017520904541
415f2d2bd2a1.png,0,0,1,0.999178230762482,res5c_branch2c,0.00183776079211384,0.00767996162176132,0.420978156887755,8.76544094085693
417f408ee8e0.png,2,2,1,0.585235297679901,res5c_branch2c,0.0488922744989395,0.493529289960861,0.126674107142857,29.2714538574219
42b93b574f23.png,2,2,1,0.701867461204529,res5c_branch2c,0.0359050631523132,0.289711743593216,0.1650390625,24.9080772399902
42c65af5ab16.png,0,0,1,0.999999403953552,res5c_branch2c,3.87306818083744e-06,1.05852586784749e-05,0.524035395408163,23.3350811004639
4318b6adeb97.png,0,0,1,0.999958753585815,res5c_branch2c,0.0001602606207598,0.00060155667597428,0.419722576530612,13.2149181365967
4360a112db10.png,3,1,0,0.437011778354645,res5c_branch2c,0.170640289783478,0.89872807264328,0.284897161989796,27.7857666015625
436fa3fd145a.png,0,0,1,0.999992609024048,res5c_branch2c,3.76971875084564e-05,0.000119799580716062,0.487344547193878,24.4517211914062
437cbec4a3f8.png,2,2,1,0.652686595916748,res5c_branch2c,0.00997907109558582,0.20203697681427,0.0651108099489796,17.4687976837158
43bc7c066dfb.png,0,0,1,0.934769332408905,res5c_branch2c,0.068000815808773,0.270573675632477,0.363998724489796,35.6643028259277
43e9c66eb0f3.png,0,0,1,0.999954104423523,res5c_branch2c,0.000199848291231319,0.000563958776183426,0.575095663265306,7.23523664474487
4462fba1d2a1.png,4,2,0,0.698220789432526,res5c_branch2c,0.00303775887005031,0.0687891468405724,0.0499441964285714,27.8838367462158
46f56c38051f.png,2,2,1,0.840258896350861,res5c_branch2c,0.0110333990305662,0.0988166555762291,0.171037946428571,17.420934677124
4704dbb59536.png,0,0,1,1,res5c_branch2c,8.58916166635026e-07,3.69317604054231e-06,0.360630580357143,16.0153617858887
4860f7813654.png,0,0,1,0.999827206134796,res5c_branch2c,0.000446893915068358,0.00150184170342982,0.436702806122449,25.0627880096436
493d99f030e2.png,0,0,1,0.998968839645386,res5c_branch2c,0.00304447230882943,0.0105522265657783,0.452507174744898,11.2680921554565
49419f8d5cb4.png,2,2,1,0.802937090396881,res5c_branch2c,0.000438485818449408,0.0145947365090251,0.0529336734693878,35.0588340759277
498f143c0374.png,3,4,0,0.429004281759262,res5c_branch2c,0.0157924201339483,0.150490492582321,0.141043526785714,49.5965156555176
4a0890b08532.png,2,2,1,0.928098499774933,res5c_branch2c,0.000566176779102534,0.0172605086117983,0.0570192920918367,19.1484203338623
4aa3d771c5e4.png,0,0,1,0.999988555908203,res5c_branch2c,5.28990603925195e-05,0.00016803527250886,0.496512276785714,19.462438583374
4b237b958555.png,0,0,1,0.989831149578094,res5c_branch2c,0.0178966503590345,0.0693656504154205,0.397999043367347,6.63499307632446
4b6cb0bcfd44.png,0,0,1,0.999935030937195,res5c_branch2c,0.000268318835878745,0.000941772770602256,0.415836256377551,35.4064483642578
4beeca5cc859.png,0,0,1,0.999398469924927,res5c_branch2c,0.00156442914158106,0.00593055645003915,0.431301817602041,23.0430469512939
4c635a01593d.png,0,0,1,0.999515891075134,res5c_branch2c,0.00161504501011223,0.00759870698675513,0.351602359693878,29.3548564910889
4cde86044ad1.png,0,0,1,0.999269425868988,res5c_branch2c,0.001677455031313,0.0058817882090807,0.520946269132653,8.88119792938232
4d009cebabc9.png,2,2,1,0.90607351064682,res5c_branch2c,0.00281654065474868,0.0527103543281555,0.0937699298469388,17.2552680969238
4d167ca69ea8.png,0,0,1,0.999397158622742,res5c_branch2c,0.00154693017248064,0.00461073452606797,0.475067761479592,15.1573009490967
4d17559ac1e2.png,0,0,1,0.971147954463959,res5c_branch2c,0.05596012622118,0.31913349032402,0.252491230867347,37.470329284668
4d3de40ced3a.png,0,0,1,0.998610734939575,res5c_branch2c,0.00245203846134245,0.0100243575870991,0.359594228316327,7.40462589263916
4da6e2089d57.png,2,2,1,0.970431983470917,res5c_branch2c,4.63206160929985e-05,0.00226696929894388,0.0393813775510204,10.3141174316406
4dbce359d0e1.png,2,2,1,0.827820479869843,res5c_branch2c,0.00515419244766235,0.0766714662313461,0.0942881058673469,41.3651390075684
4dd14c380696.png,0,0,1,0.999585688114166,res5c_branch2c,0.00162266858387738,0.00488299876451492,0.52668606505102,22.8626289367676
4e4a6224a04e.png,0,0,1,0.998661160469055,res5c_branch2c,0.00265013985335827,0.0113639421761036,0.414162149234694,6.62908124923706
4ef0b485a7da.png,2,2,1,0.626614809036255,res5c_branch2c,0.0151994396001101,0.145827561616898,0.151307397959184,21.5319766998291
4ef7144e24ff.png,1,1,1,0.55983030796051,res5c_branch2c,0.00569626921787858,0.0744120627641678,0.140106823979592,19.3080558776855
4faf4063db8c.png,0,0,1,0.983570337295532,res5c_branch2c,0.017928110435605,0.0788395777344704,0.368582589285714,35.5134010314941
4fd5ec0dca09.png,0,0,1,0.999993801116943,res5c_branch2c,3.25690089084674e-05,0.000144700345117599,0.275948660714286,25.162239074707
5069feccd866.png,0,0,1,0.999971032142639,res5c_branch2c,0.000119643227662891,0.0005411485908553,0.27034837372449,23.7965965270996
50916d67bb51.png,0,0,1,0.998242497444153,res5c_branch2c,0.00365059054456651,0.0191904045641422,0.278180803571429,32.0828819274902
50f5201fd18a.png,0,0,1,0.999795973300934,res5c_branch2c,0.000833745347335935,0.00317599950358272,0.408960459183673,29.6628341674805
5173d54fc214.png,2,2,1,0.936891913414001,res5c_branch2c,0.0021431022323668,0.0379143692553043,0.0942881058673469,22.2372894287109
51d780864365.png,2,2,1,0.581515908241272,res5c_branch2c,0.026679752394557,0.276118606328964,0.143036511479592,49.3740615844727
521d3e264d71.png,2,2,1,0.598849952220917,res5c_branch2c,0.0507751032710075,0.227217808365822,0.374501753826531,18.6806411743164
52230bbef30e.png,2,2,1,0.509086906909943,res5c_branch2c,0.0158747732639313,0.104799218475819,0.267279177295918,21.8950672149658
523d0c2cb4d6.png,2,2,1,0.785991430282593,res5c_branch2c,0.0011375843314454,0.0582954697310925,0.0279017857142857,30.0531063079834
531b39880c32.png,1,1,1,0.539983630180359,res5c_branch2c,0.0704808235168457,0.337820470333099,0.313396843112245,32.6328048706055
53f6c1c65c04.png,1,1,1,0.701885640621185,res5c_branch2c,0.00871225260198116,0.0935124605894089,0.169543207908163,40.3273048400879
55092c0071eb.png,2,1,0,0.485193014144897,res5c_branch2c,0.0416306555271149,0.247764781117439,0.257573341836735,42.5361061096191
5511f114e7ee.png,0,0,1,0.999985933303833,res5c_branch2c,6.91304085194133e-05,0.000235494211665355,0.459203603316327,25.5446147918701
565f3404f9b2.png,0,0,1,0.976462423801422,res5c_branch2c,0.024958873167634,0.160212621092796,0.189014668367347,28.5816287994385
57a5f1015504.png,2,2,1,0.699796557426453,res5c_branch2c,0.0029920123051852,0.053184412419796,0.097297512755102,11.9432983398438
5879285f9d8d.png,1,2,0,0.817112863063812,res5c_branch2c,0.00255659385584295,0.0625539720058441,0.0661073022959184,49.6841926574707
58f07741ee3b.png,0,0,1,0.999922037124634,res5c_branch2c,0.00035220934660174,0.00131634110584855,0.398995535714286,28.4632415771484
595446774178.png,1,1,1,0.689066231250763,res5c_branch2c,0.103389203548431,0.540728807449341,0.272381218112245,45.1302032470703
599b89048034.png,2,2,1,0.784513413906097,res5c_branch2c,0.0104961423203349,0.141911715269089,0.113400829081633,17.0989646911621
59fee5bc3479.png,4,2,0,0.564469337463379,res5c_branch2c,0.0296092610806227,0.374668210744858,0.106784119897959,60.7152709960938
5a11d21c2828.png,2,2,1,0.94177907705307,res5c_branch2c,0.000622213294263929,0.0229178611189127,0.0432079081632653,14.7319383621216
5b301a6d1ac7.png,2,0,0,0.455237507820129,res5c_branch2c,0.275387972593307,0.877944946289062,0.517717633928571,4.39202260971069
5b47043942f4.png,0,0,1,0.999995350837708,res5c_branch2c,2.34160343097756e-05,7.85412194090895e-05,0.481305803571429,30.2385158538818
5b76117c4bcb.png,4,4,1,0.516760468482971,res5c_branch2c,0.00636027986183763,0.135271981358528,0.0759725765306122,19.6854991912842
5d4e5fd34d91.png,0,0,1,0.999999403953552,res5c_branch2c,4.10246366300271e-06,1.54469635162968e-05,0.416314572704082,14.9681558609009
5de4615a5161.png,0,0,1,0.788571894168854,res5c_branch2c,0.0723785310983658,0.381568551063538,0.300522161989796,35.6438903808594
5ed6dc419e4d.png,2,2,1,0.432279914617538,res5c_branch2c,0.00772863999009132,0.0653227642178535,0.214245854591837,11.9190130233765
5f4a8c074bd5.png,0,0,1,0.997817754745483,res5c_branch2c,0.00429937103763223,0.0196260362863541,0.341497927295918,23.7597885131836
606daaf0bfc7.png,0,0,1,0.998779714107513,res5c_branch2c,0.00228610821068287,0.00872125849127769,0.392837213010204,30.3271770477295
60aa4e649abf.png,0,0,1,0.99970018863678,res5c_branch2c,0.000942523940466344,0.00213292823173106,0.698999521683674,12.5341186523438
60eeae3ba23d.png,2,2,1,0.856317520141602,res5c_branch2c,0.00468392856419086,0.0898810476064682,0.0872927295918367,37.8279800415039
60f15dd68d30.png,4,3,0,0.685584127902985,res5c_branch2c,0.016311751678586,0.191059544682503,0.148856026785714,11.8684434890747
613bacb35c05.png,1,1,1,0.528475999832153,res5c_branch2c,0.0184062402695417,0.155158802866936,0.219228316326531,27.8420810699463
6165081b9021.png,1,1,1,0.314889162778854,res5c_branch2c,0.0277450941503048,0.139254227280617,0.301698022959184,46.7266006469727
61bbc11fe503.png,4,2,0,0.495866417884827,res5c_branch2c,0.0387891493737698,0.302416235208511,0.174724968112245,68.3340454101562
61c2fbd16e38.png,2,2,1,0.771114528179169,res5c_branch2c,0.016315309330821,0.180337026715279,0.13639987244898,57.5915260314941
61d9c88a3a4b.png,0,0,1,0.999985456466675,res5c_branch2c,6.69738146825694e-05,0.000229729834245518,0.454001913265306,29.2967052459717
62cc7ddb53b6.png,2,2,1,0.804033815860748,res5c_branch2c,0.0103230550885201,0.112257301807404,0.144292091836735,18.6850147247314
6324d77cf926.png,0,0,1,0.990091681480408,res5c_branch2c,0.0171563420444727,0.0769081935286522,0.293387276785714,15.7414045333862
63363410389a.png,1,1,1,0.38958016037941,res5c_branch2c,0.0282340981066227,0.167117848992348,0.215640943877551,44.2121429443359
63d217b059b6.png,2,2,1,0.508620202541351,res5c_branch2c,0.011878821067512,0.0886939167976379,0.215361926020408,35.3326148986816
64a13949e879.png,2,2,1,0.906806766986847,res5c_branch2c,0,0,0,0
64bad93fde3f.png,4,4,1,0.811053812503815,res5c_branch2c,0.0012362600537017,0.0317746512591839,0.0627790178571429,23.4471912384033
653534ded339.png,2,2,1,0.420323580503464,res5c_branch2c,0.0147982630878687,0.16396489739418,0.134068080357143,40.6912612915039
658ad9f09f5d.png,0,0,1,0.999953627586365,res5c_branch2c,0.000172724205185659,0.000601655279751867,0.4560546875,19.685131072998
66393d8c60ba.png,0,0,1,0.989544153213501,res5c_branch2c,0.0186893306672573,0.0736665278673172,0.404217155612245,24.2966156005859
66bfec8d6bcd.png,0,0,1,0.998483002185822,res5c_branch2c,0.00307287042960525,0.0138083817437291,0.358876753826531,22.2140483856201
6733544ae7a6.png,2,2,1,0.47756016254425,res5c_branch2c,0.0451361760497093,0.261373579502106,0.245356345663265,45.5642776489258
6762b2b48ea5.png,1,1,1,0.842932224273682,res5c_branch2c,0.0386630967259407,0.153642162680626,0.404496173469388,28.4886245727539
67844c46bc61.png,2,2,1,0.965882778167725,res5c_branch2c,0.00280311470851302,0.0334316082298756,0.131636639030612,11.9790277481079
67ed8cc78b97.png,0,0,1,0.999993920326233,res5c_branch2c,3.23513413604815e-05,0.000125198144814931,0.429767219387755,30.9830226898193
67f5d89da548.png,1,4,0,0.316217571496964,res5c_branch2c,0.000442203367128968,0.0243590828031301,0.0327248086734694,15.4583358764648
6852f4531591.png,0,0,1,0.960345327854156,res5c_branch2c,0.0380005873739719,0.179692775011063,0.307517538265306,14.5000801086426
6889bc64ab09.png,2,2,1,0.538425624370575,res5c_branch2c,0.00546760391443968,0.104124069213867,0.0707908163265306,46.1112174987793
68ddb15a74de.png,0,0,1,0.988404870033264,res5c_branch2c,0.0131666334345937,0.0705432742834091,0.252471301020408,8.09814262390137
6987804eb464.png,2,2,1,0.728859543800354,res5c_branch2c,0.0117780771106482,0.218686610460281,0.0637755102040816,47.1554794311523
698d6e422a80.png,2,2,1,0.858929634094238,res5c_branch2c,0.001407356467098,0.0319429934024811,0.0838249362244898,6.69276762008667
6b30767595d8.png,0,0,1,0.999991416931152,res5c_branch2c,5.61497909075115e-05,0.000161353382281959,0.573979591836735,14.0877933502197
6c6efb6b1358.png,1,2,0,0.724634826183319,res5c_branch2c,0.00456756493076682,0.0786548852920532,0.111926020408163,9.86985492706299
6ccfdb031184.png,0,0,1,0.999822080135345,res5c_branch2c,0.000446771358838305,0.00187308737076819,0.374820631377551,23.3048076629639
6d259b5b4c76.png,4,2,0,0.883816659450531,res5c_branch2c,0.00381955434568226,0.0455257557332516,0.126953125,20.644287109375
6d3d1fe6c32a.png,2,1,0,0.402834415435791,res5c_branch2c,0.0497044436633587,0.26638001203537,0.302834024234694,54.1302223205566
6d7d26025122.png,4,2,0,0.879875242710114,res5c_branch2c,0,0,0,0
6e1db8711879.png,0,0,1,0.999993562698364,res5c_branch2c,3.70294037566055e-05,0.000136030226713046,0.431501116071429,25.308931350708
6e68e742f5bc.png,2,2,1,0.607355415821075,res5c_branch2c,0.0352292433381081,0.196057766675949,0.236427774234694,47.1455154418945
6ea07d19b4ce.png,1,2,0,0.859012484550476,res5c_branch2c,0.00603475980460644,0.12374459952116,0.0622209821428571,51.5334968566895
705f508d1e42.png,0,0,1,0.999940752983093,res5c_branch2c,0.000196427223272622,0.000657455064356327,0.448321906887755,3.24983263015747
70f5caf5f305.png,2,2,1,0.690914690494537,res5c_branch2c,0.0392528586089611,0.165783777832985,0.431062659438776,19.1760444641113
71c22da3d6c6.png,0,0,1,0.999999165534973,res5c_branch2c,5.43731539437431e-06,1.80707265826641e-05,0.465880102040816,26.6160621643066
721214151233.png,0,0,1,0.978531718254089,res5c_branch2c,0.0263175219297409,0.146301656961441,0.239875637755102,24.2394981384277
72595230840c.png,3,3,1,0.857513785362244,res5c_branch2c,0.00453210482373834,0.0582226179540157,0.120635363520408,55.2043685913086
731b19a460ad.png,2,2,1,0.615938067436218,res5c_branch2c,0.0133031671866775,0.149034187197685,0.142837213010204,22.7797622680664
7347bd23ba80.png,0,0,1,0.985053718090057,res5c_branch2c,0.0182579308748245,0.100446745753288,0.242327008928571,23.2616424560547
7347f5133a6a.png,1,1,1,0.875641942024231,res5c_branch2c,0.041776180267334,0.263408869504929,0.234793526785714,36.3743934631348
737ef6226677.png,0,0,1,0.998755693435669,res5c_branch2c,0.00282384641468525,0.0162015669047832,0.24039381377551,20.5260753631592
73d40ce06a67.png,0,0,1,0.999265253543854,res5c_branch2c,0.00176218384876847,0.00645877700299025,0.480707908163265,3.46026086807251
760b6f4c6d82.png,2,2,1,0.837419748306274,res5c_branch2c,0.000172145970282145,0.00769794452935457,0.0412547831632653,10.9605417251587
76be29bb30b2.png,1,2,0,0.386767536401749,res5c_branch2c,0.0210875403136015,0.139023661613464,0.219288105867347,60.0318222045898
76cb010f7aa0.png,0,0,1,0.9996258020401,res5c_branch2c,0.00123050389811397,0.00323770707473159,0.576889349489796,16.5893478393555
76e589911303.png,1,1,1,0.586163640022278,res5c_branch2c,0.0421446785330772,0.22420346736908,0.309988839285714,2.29591917991638
76f3473df8a6.png,0,0,1,0.999866127967834,res5c_branch2c,0.000426585203967988,0.00181508797686547,0.326032366071429,24.9726943969727
772af553b8b7.png,3,3,1,0.689648866653442,res5c_branch2c,0.0173593498766422,0.198108583688736,0.153300382653061,11.1195812225342
77a9538b8362.png,1,1,1,0.600157141685486,res5c_branch2c,0.0523307919502258,0.384512543678284,0.233358577806122,13.3094482421875
77acc2cafee1.png,0,0,1,0.999945878982544,res5c_branch2c,0.000226541815209202,0.000716233276762068,0.530990911989796,12.3343105316162
77e7c7a160c8.png,2,2,1,0.762720704078674,res5c_branch2c,0.04146334156394,0.212721034884453,0.337153220663265,22.8282909393311
780f9c237c56.png,0,0,1,0.99787175655365,res5c_branch2c,0.005153588950634,0.0315035805106163,0.21793287627551,14.2633094787598
78b3f819dcc5.png,4,3,0,0.520465433597565,res5c_branch2c,0.0626259595155716,0.31863072514534,0.317083864795918,26.4594478607178
78bcdffb8785.png,1,2,0,0.333295941352844,res5c_branch2c,0.0250763166695833,0.187794849276543,0.211774553571429,29.3410682678223
7a06ea127e02.png,0,0,1,0.99372136592865,res5c_branch2c,0.0110102891921997,0.0456460528075695,0.364556760204082,34.0405807495117
7a12f49e29df.png,0,0,1,0.927140951156616,res5c_branch2c,0.0592505894601345,0.326645702123642,0.24007493622449,8.86756610870361
7a9f45fdf29b.png,0,0,1,0.95656943321228,res5c_branch2c,0.0414165556430817,0.13601778447628,0.530452806122449,26.1060924530029
7b49041cbf17.png,3,3,1,0.796176433563232,res5c_branch2c,0.00266966898925602,0.0523451939225197,0.0905612244897959,13.7066688537598
7b87b0015282.png,0,0,1,0.997219562530518,res5c_branch2c,0.00534612545743585,0.0261027328670025,0.276925223214286,20.7631855010986
7b8c78b41c0d.png,2,2,1,0.875985622406006,res5c_branch2c,0.0181093569844961,0.125369280576706,0.2470703125,29.6055297851562
7c52fe73e748.png,2,2,1,0.98393851518631,res5c_branch2c,0.00127403857186437,0.0111257331445813,0.189492984693878,23.1834239959717
7d1da90d3ca9.png,2,2,1,0.551858723163605,res5c_branch2c,0.00846492778509855,0.0968661159276962,0.163464604591837,29.5738353729248
7d3835e4e63a.png,3,2,0,0.358912944793701,res5c_branch2c,0.0225439053028822,0.226297155022621,0.140445631377551,46.1324081420898
7d626a7ffe76.png,4,3,0,0.465047359466553,res5c_branch2c,0.0368953943252563,0.222906410694122,0.270567602040816,20.3356037139893
7e0598cc88a0.png,4,2,0,0.44792252779007,res5c_branch2c,0.000987255596555769,0.0477926917374134,0.0327248086734694,21.8886642456055
7ec0e61a7e29.png,0,0,1,0.997790932655334,res5c_branch2c,0.00509717874228954,0.0252909921109676,0.280552455357143,14.7541399002075
7eee3d1f1268.png,0,0,1,0.979694306850433,res5c_branch2c,0.0439407639205456,0.155271247029305,0.400809151785714,22.3881492614746
7f0ffeb0a333.png,0,0,1,0.999986886978149,res5c_branch2c,6.26530527370051e-05,0.000188978665391915,0.534418845663265,15.1688165664673
7f2cce721e19.png,0,0,1,0.992858648300171,res5c_branch2c,0.0142134930938482,0.0562909357249737,0.403200733418367,22.9057006835938
7f84284598f5.png,2,2,1,0.360110878944397,res5c_branch2c,0.0287276208400726,0.149919748306274,0.341597576530612,25.4192848205566
7fe7309d0b4f.png,0,0,1,0.998352289199829,res5c_branch2c,0.00421610381454229,0.0188667457550764,0.34504544005102,26.6943111419678
803120c5d287.png,2,2,1,0.917990148067474,res5c_branch2c,0.000419707444962114,0.0205408111214638,0.0393813775510204,10.7382793426514
80b5697f2a5e.png,0,0,1,0.999559342861176,res5c_branch2c,0.00119771505706012,0.00636317441239953,0.253308354591837,23.4434909820557
80c67efc8101.png,0,0,1,0.993371367454529,res5c_branch2c,0.0107708368450403,0.0473017580807209,0.340102838010204,31.68776512146
80dbeb0fdc75.png,0,0,1,0.999895095825195,res5c_branch2c,0.000339785998221487,0.00142844999209046,0.363560267857143,21.6812267303467
81371b0c01ad.png,0,0,1,0.999999523162842,res5c_branch2c,3.60083549821866e-06,1.36133467094623e-05,0.4423828125,19.2440757751465
8201cab8322d.png,3,2,0,0.48199725151062,res5c_branch2c,0.0168018117547035,0.174424216151237,0.135363520408163,46.9520263671875
82088c6734e6.png,0,0,1,0.981539905071259,res5c_branch2c,0.0241774823516607,0.0962276607751846,0.369339923469388,16.0929164886475
8273fdb4405e.png,1,1,1,0.594553172588348,res5c_branch2c,0.029379814863205,0.29535648226738,0.136080994897959,25.821683883667
82e5bc01f8a4.png,0,0,1,0.999558389186859,res5c_branch2c,0.00122074433602393,0.00530423736199737,0.347098214285714,31.2641754150391
835b9f6e12ba.png,0,0,1,0.995172441005707,res5c_branch2c,0.00766963977366686,0.0485903769731522,0.207728794642857,40.5855712890625
83e529e95b0e.png,1,1,1,0.506854951381683,res5c_branch2c,0.0163221266120672,0.159694969654083,0.160495057397959,22.8397121429443
847b04287c9c.png,0,0,1,0.999357044696808,res5c_branch2c,0.00127862114459276,0.00611921492964029,0.336037149234694,11.1593647003174
848e66b9e199.png,0,0,1,0.896172285079956,res5c_branch2c,0.139752492308617,0.432284653186798,0.512256855867347,17.1932601928711
857230f64a2e.png,4,2,0,0.516828536987305,res5c_branch2c,0.0212583933025599,0.180729627609253,0.196049904336735,26.8955497741699
85fce24084da.png,2,2,1,0.870140790939331,res5c_branch2c,0,0,0,0
8660e1864665.png,0,0,1,0.994894027709961,res5c_branch2c,0.00882753264158964,0.0472119450569153,0.243044483418367,9.77974033355713
8688f3d0fcaf.png,3,4,0,0.503589808940887,res5c_branch2c,0.00229560560546815,0.0769240707159042,0.0593112244897959,20.9616050720215
8693ab1fd2be.png,0,0,1,0.991370320320129,res5c_branch2c,0.00908156763762236,0.0401221625506878,0.358976403061224,15.1406841278076
86e7f98f73f1.png,2,2,1,0.808748245239258,res5c_branch2c,0.0145051749423146,0.186644122004509,0.0998883928571429,58.5083045959473
86fbac86ed3e.png,2,2,1,0.575283408164978,res5c_branch2c,0.0342205204069614,0.346308499574661,0.130321269132653,27.148265838623
870f433e8f37.png,0,0,1,0.996282756328583,res5c_branch2c,0.00832265615463257,0.0287065785378218,0.464504942602041,2.57711124420166
8871e6a26596.png,2,2,1,0.434012472629547,res5c_branch2c,0.0282922424376011,0.192568853497505,0.224310427295918,42.9173469543457
891329021e12.png,0,0,1,0.999889373779297,res5c_branch2c,0.00030987526406534,0.00150573649443686,0.289939413265306,17.2600288391113
895fe2bfc5b6.png,0,0,1,0.994716584682465,res5c_branch2c,0.011248366907239,0.0441857501864433,0.378427933673469,33.7259559631348
89d2a7403a06.png,2,2,1,0.775311231613159,res5c_branch2c,0.0241554658859968,0.323692351579666,0.0903619260204082,56.2966079711914
8a8a251770cd.png,0,0,1,0.994680464267731,res5c_branch2c,0.0106801893562078,0.0535431876778603,0.263851243622449,23.1522750854492
8af6a4e5396f.png,4,4,1,0.435699135065079,res5c_branch2c,0.0332882106304169,0.278180778026581,0.149234693877551,69.6485595703125
8b079e79035f.png,0,0,1,0.999238610267639,res5c_branch2c,0.00246671470813453,0.0112005295231938,0.322484853316327,13.8744611740112
8b8fe3fc8950.png,0,0,1,0.983109295368195,res5c_branch2c,0.0187294650822878,0.111737959086895,0.279276945153061,27.4849014282227
8bdb891661a8.png,2,2,1,0.47423192858696,res5c_branch2c,0.0496576949954033,0.465442150831223,0.143853635204082,5.43743371963501
8d3d67661620.png,2,2,1,0.914930820465088,res5c_branch2c,0.00190833420492709,0.0325363650918007,0.0971580038265306,18.7010116577148
8d4d14a4ab07.png,0,0,1,0.914763510227203,res5c_branch2c,0.109491884708405,0.444950878620148,0.457071109693878,23.478853225708
8dfff47b06b7.png,2,2,1,0.912413835525513,res5c_branch2c,0.000871782016474754,0.0249636583030224,0.062858737244898,22.820592880249
8e20b8fac7c3.png,2,2,1,0.613665699958801,res5c_branch2c,0.00313966651447117,0.0527843534946442,0.107122927295918,14.4523649215698
8e2a3978c244.png,0,0,1,0.998945772647858,res5c_branch2c,0.00213767378591001,0.00825320370495319,0.456692442602041,11.1318664550781
8f9819752ca0.png,0,0,1,0.951718509197235,res5c_branch2c,0.0536963567137718,0.190308198332787,0.434430803571429,29.6619758605957
8ff2733f6aef.png,2,2,1,0.810515522956848,res5c_branch2c,0.0046356045641005,0.160416901111603,0.0350167410714286,68.5531997680664
9039cbfcbb2f.png,0,0,1,0.960812628269196,res5c_branch2c,0.0488049164414406,0.132085546851158,0.588249362244898,15.4313983917236
905cc86bf100.png,4,2,0,0.537203848361969,res5c_branch2c,0.00564441410824656,0.130083173513412,0.0612842793367347,30.5119209289551
916ec976ff30.png,3,2,0,0.559577167034149,res5c_branch2c,0,0,0,0
921433215353.png,2,2,1,0.830298364162445,res5c_branch2c,0.00933602638542652,0.195774778723717,0.0646723533163265,58.1085472106934
92587e494d51.png,0,0,1,1,res5c_branch2c,6.58871726955113e-07,3.14959811476001e-06,0.336236447704082,24.3740539550781
92d8a7c8e718.png,2,3,0,0.56167995929718,res5c_branch2c,0.0968111902475357,0.412630409002304,0.353714923469388,25.6375007629395
92d9e9f08709.png,1,2,0,0.442548930644989,res5c_branch2c,0.030188025906682,0.271836668252945,0.0920161033163265,22.9665107727051
92fcf50b3562.png,0,0,1,0.999969005584717,res5c_branch2c,0.00017590080096852,0.000532995327375829,0.551957110969388,14.131046295166
932181b93b2f.png,2,2,1,0.77021723985672,res5c_branch2c,0.00796091742813587,0.172651737928391,0.0682397959183673,30.5927658081055
93802d1e3c41.png,0,0,1,0.999697327613831,res5c_branch2c,0.000834251404739916,0.00414956081658602,0.274354272959184,17.958345413208
94372043d55b.png,1,1,1,0.450177133083344,res5c_branch2c,0.0340262614190578,0.150204688310623,0.405672034438776,12.3147983551025
94a67ec0714f.png,2,2,1,0.709833025932312,res5c_branch2c,0.00119167426601052,0.0270889811217785,0.0710100446428571,23.8046588897705
94f9ecf4b8d2.png,0,0,1,0.999750196933746,res5c_branch2c,0.000549608783330768,0.00235697580501437,0.382114955357143,24.679759979248
9519a590985d.png,0,0,1,0.886595726013184,res5c_branch2c,0.0590569674968719,0.419414758682251,0.188616071428571,25.4894504547119
95e732e043a1.png,4,2,0,0.953723788261414,res5c_branch2c,0.00327011756598949,0.0438015908002853,0.106186224489796,35.4645462036133
96b5474ae604.png,0,0,1,0.999608099460602,res5c_branch2c,0.00124495418276638,0.00626762816682458,0.288564253826531,39.5466232299805
9782c0489eca.png,1,2,0,0.687339603900909,res5c_branch2c,0.00198093871586025,0.0879555940628052,0.0358537946428571,9.76714706420898
9785805af1b8.png,2,2,1,0.910037100315094,res5c_branch2c,0.0010295829270035,0.0395442694425583,0.0509406887755102,21.5381317138672
98277aeb96a7.png,0,0,1,1,res5c_branch2c,6.13630163570633e-07,2.06382742362621e-06,0.46906887755102,19.9236679077148
9985375d709f.png,0,0,1,0.94121915102005,res5c_branch2c,0.0791468545794487,0.260806500911713,0.482401945153061,31.4509944915771
99ecdb41d5e7.png,1,2,0,0.678886711597443,res5c_branch2c,0.00524430628865957,0.129389554262161,0.0281608737244898,72.0155868530273
9a28d4e8aef0.png,2,2,1,0.822400391101837,res5c_branch2c,0.000744717079214752,0.0461740531027317,0.0251514668367347,27.0626029968262
9b7b6e4db1d5.png,2,2,1,0.978027582168579,res5c_branch2c,0.00130133994389325,0.0238293241709471,0.0825494260204082,45.4128189086914
9bd008aab548.png,0,0,1,0.98783951997757,res5c_branch2c,0.0160670038312674,0.0745967775583267,0.334661989795918,20.7541160583496
9be71d6d7e59.png,0,0,1,0.985359311103821,res5c_branch2c,0.0206978805363178,0.107680700719357,0.292928890306122,14.2836389541626
9d62478042b6.png,0,0,1,0.998419880867004,res5c_branch2c,0.00414102198556066,0.0144403437152505,0.431261957908163,17.1983795166016
9dab2e6ba44b.png,2,2,1,0.47080397605896,res5c_branch2c,0.00664555886760354,0.078941635787487,0.130899234693878,18.2055263519287
9e3510963315.png,4,2,0,0.984847068786621,res5c_branch2c,0.0020512891933322,0.0227670092135668,0.140864158163265,34.6296997070312
9f1b14dfa14c.png,0,0,1,0.999286472797394,res5c_branch2c,0.00193527445662767,0.00593965919688344,0.574756855867347,9.2591667175293
a0445785e2f7.png,0,0,1,0.999973058700562,res5c_branch2c,0.000128467654576525,0.000540026871021837,0.300960618622449,22.214599609375
a15652b22ab8.png,2,2,1,0.598594486713409,res5c_branch2c,0.0154934050515294,0.17373614013195,0.12418287627551,23.3240814208984
a188c60b93fb.png,0,0,1,0.999390006065369,res5c_branch2c,0.00221385015174747,0.00906517915427685,0.375139508928571,24.7615623474121
a1e236fbc863.png,0,0,1,0.997116088867188,res5c_branch2c,0.00486629037186503,0.019209410995245,0.426060267857143,17.066370010376
a1faeb4d5f10.png,0,0,1,0.998372793197632,res5c_branch2c,0.00408934056758881,0.0144431050866842,0.429268973214286,24.8045349121094
a247961a5cd9.png,0,0,1,0.951748788356781,res5c_branch2c,0.0672652423381805,0.330656170845032,0.310546875,32.4665870666504
a3706ce27869.png,2,0,0,0.900108873844147,res5c_branch2c,0.133714810013771,0.436123371124268,0.509586256377551,16.3122482299805
a3fcf42ff56d.png,4,2,0,0.686229288578033,res5c_branch2c,0.0267259627580643,0.164665058255196,0.235331632653061,63.7737045288086
a4359815f152.png,2,2,1,0.766548156738281,res5c_branch2c,0.00248982361517847,0.0498448610305786,0.0869738520408163,5.75234174728394
a44345b27804.png,0,0,1,0.98542445898056,res5c_branch2c,0.0202132053673267,0.0743008032441139,0.464644451530612,27.0379600524902
a49b0b4484ea.png,2,0,0,0.48378324508667,res5c_branch2c,0.250006139278412,0.930337488651276,0.394810267857143,38.0411567687988
a4d4b69f7404.png,3,2,0,0.673612833023071,res5c_branch2c,0.0151610905304551,0.159721717238426,0.156529017857143,53.771800994873
a505981d1cab.png,2,2,1,0.936282098293304,res5c_branch2c,0.000421723205363378,0.0116536486893892,0.0655891262755102,20.1212768554688
a664d2055886.png,2,2,1,0.737917900085449,res5c_branch2c,0.00183472770731896,0.0755304768681526,0.0391422193877551,17.3024120330811
a673193cd5a9.png,0,0,1,0.998615860939026,res5c_branch2c,0.00268639950081706,0.0141246197745204,0.299027423469388,13.6984548568726
a6b6d27c1b32.png,0,0,1,0.99999463558197,res5c_branch2c,2.96404268738115e-05,9.77007366600446e-05,0.480110012755102,20.8519916534424
a70d0f12a641.png,0,0,1,0.99800044298172,res5c_branch2c,0.00380440964363515,0.0155868530273438,0.363540338010204,6.54209136962891
a73c3d516c59.png,0,0,1,0.999992489814758,res5c_branch2c,2.79310224868823e-05,0.000130034692119807,0.252391581632653,40.076831817627
a77eb914b383.png,0,0,1,0.999954104423523,res5c_branch2c,0.000170836428878829,0.000723394798114896,0.391163105867347,23.208288192749
a7b03e58a6e1.png,0,0,1,0.98757940530777,res5c_branch2c,0.0155830811709166,0.0753055587410927,0.329241071428571,17.1870765686035
a80dab8eddf4.png,3,2,0,0.725351810455322,res5c_branch2c,0.00244783516973257,0.0669127330183983,0.0652901785714286,38.9443054199219
a8263d248523.png,0,0,1,0.862658500671387,res5c_branch2c,0.103909201920033,0.502935409545898,0.263073979591837,20.9263591766357
a86128b601a7.png,0,0,1,0.999909162521362,res5c_branch2c,0.000229123426834121,0.000933222007006407,0.414680325255102,9.00157356262207
a8e88d4891c4.png,3,2,0,0.900807738304138,res5c_branch2c,0.00599021324887872,0.104110591113567,0.0903021364795918,33.1238327026367
a8eb35b3bcd2.png,2,2,1,0.698455691337585,res5c_branch2c,0.00853910483419895,0.147188395261765,0.0754344706632653,33.6157264709473
a95858e052d6.png,1,2,0,0.726646661758423,res5c_branch2c,0.009064681828022,0.165954262018204,0.079460299744898,53.9447021484375
a9dc80cba9a4.png,0,0,1,0.998549282550812,res5c_branch2c,0.00379051058553159,0.0187322851270437,0.284000318877551,11.07142162323
aae8f9f3ef8c.png,3,2,0,0.623202860355377,res5c_branch2c,0.00579936895519495,0.0753095671534538,0.115373883928571,33.1778259277344
aafb0c944f14.png,0,0,1,0.979335069656372,res5c_branch2c,0.026282474398613,0.0817290470004082,0.563954878826531,9.47807788848877
ab1c20a94f3f.png,4,0,0,0.417887151241302,res5c_branch2c,0.23728346824646,1.15023672580719,0.280452806122449,35.1252632141113
ab32db41c409.png,0,0,1,0.999493837356567,res5c_branch2c,0.00179413659498096,0.00715459417551756,0.414102359693878,24.2664756774902
ab78a66dee6a.png,0,0,1,0.999645352363586,res5c_branch2c,0.000911090290173888,0.00464069750159979,0.274992028061224,33.0817565917969
ab7991df166b.png,0,0,1,0.988187253475189,res5c_branch2c,0.016937967389822,0.0799198523163795,0.326191804846939,24.1979732513428
ab88081e5654.png,0,0,1,0.997714638710022,res5c_branch2c,0.0061067040078342,0.0197258740663528,0.493303571428571,30.0461254119873
aba3063c5413.png,3,2,0,0.572807490825653,res5c_branch2c,0.00826012995094061,0.152349025011063,0.0876913265306122,32.6325721740723
ac1667fac512.png,0,0,1,0.882823765277863,res5c_branch2c,0.0768492966890335,0.370604157447815,0.356584821428571,26.8269138336182
acc9f29538c4.png,2,2,1,0.800343155860901,res5c_branch2c,0.00563768204301596,0.0999122112989426,0.0821707589285714,30.0429420471191
acf976efd7ce.png,0,0,1,0.999587953090668,res5c_branch2c,0.00102300953585654,0.00473108422011137,0.318578603316327,6.80458116531372
ad312ca98202.png,0,0,1,0.989189863204956,res5c_branch2c,0.0225028805434704,0.101560190320015,0.362384406887755,32.7651214599609
ad3fc5076852.png,1,1,1,0.659015297889709,res5c_branch2c,0.0672461614012718,0.29347425699234,0.372708067602041,25.9234981536865
ae61e19fb766.png,0,0,1,0.999998807907104,res5c_branch2c,8.69729956320953e-06,2.46585550485179e-05,0.582409917091837,16.0030632019043
aef9016557ca.png,2,2,1,0.969502329826355,res5c_branch2c,0.00197285390459001,0.0462204366922379,0.0694555165816327,37.6168251037598
af831c158744.png,2,2,1,0.737029850482941,res5c_branch2c,0.00398463755846024,0.11661347001791,0.0486288265306122,65.2345809936523
af87d48ffe01.png,0,0,1,0.999999761581421,res5c_branch2c,2.13120392800192e-06,7.70722908782773e-06,0.456493144132653,19.5462322235107
b0b3b16fc305.png,0,0,1,0.96189683675766,res5c_branch2c,0.0369225814938545,0.157522335648537,0.437719228316327,21.8509311676025
b187b3c93afb.png,2,2,1,0.984847068786621,res5c_branch2c,0.0020512891933322,0.0227670092135668,0.140864158163265,34.6296997070312
b1f4122fd36a.png,2,2,1,0.673481941223145,res5c_branch2c,0.00843313150107861,0.0906786322593689,0.163464604591837,20.5837783813477
b2aaa81cc8f0.png,2,2,1,0.951490998268127,res5c_branch2c,0,0,0,0
b35cad8fe2d7.png,0,2,0,0.348454028367996,res5c_branch2c,0.033056478947401,0.250600129365921,0.169901945153061,39.7965774536133
b3d12069e1c5.png,2,2,1,0.812644898891449,res5c_branch2c,0.00962897669523954,0.129408448934555,0.0757932079081633,39.5382614135742
b402b18d99a5.png,2,2,1,0.567036807537079,res5c_branch2c,0.00676507735624909,0.0952542126178741,0.136858258928571,32.7092514038086
b4b04d81acbb.png,0,0,1,0.969414472579956,res5c_branch2c,0.0420293919742107,0.270287483930588,0.21695631377551,28.9562473297119
b4e15102cd7a.png,0,0,1,0.9852654337883,res5c_branch2c,0.0261338390409946,0.0865114629268646,0.472217793367347,11.3943738937378
b553e7909535.png,0,0,1,0.999540686607361,res5c_branch2c,0.00127088313456625,0.00401002448052168,0.495057397959184,6.42249536514282
b6a0e348a01e.png,1,1,1,0.778964340686798,res5c_branch2c,0.108988985419273,0.48661345243454,0.350027901785714,23.5222835540771
b70cb31b9abb.png,4,2,0,0.599855422973633,res5c_branch2c,0.0358699187636375,0.355076730251312,0.0772082270408163,37.0769538879395
b70e7c26f51e.png,0,0,1,0.998711109161377,res5c_branch2c,0.0021109723020345,0.00945029035210609,0.341856664540816,26.9786052703857
b92eacd1392a.png,0,0,1,0.998928487300873,res5c_branch2c,0.00310492794960737,0.00969383120536804,0.523098692602041,10.2167387008667
b94c58d063bf.png,1,2,0,0.384442836046219,res5c_branch2c,0.0133186485618353,0.120239116251469,0.184689891581633,27.1298694610596
b99794a0beed.png,2,2,1,0.932692050933838,res5c_branch2c,0.000271986034931615,0.00816566403955221,0.0619818239795918,15.7883243560791
b9bc81fcb075.png,0,0,1,0.993551015853882,res5c_branch2c,0.00912920199334621,0.0521848425269127,0.288624043367347,35.7181549072266
ba25f947f4ec.png,2,2,1,0.950426638126373,res5c_branch2c,0.000569858180824667,0.0170859564095736,0.0625797193877551,20.9075603485107
ba4e62c11cc0.png,0,0,1,0.991787493228912,res5c_branch2c,0.0125431017950177,0.0630153566598892,0.249960140306122,17.965726852417
ba735b286d62.png,4,4,1,0.534946978092194,res5c_branch2c,0.00449643889442086,0.0749629959464073,0.0957828443877551,17.5348644256592
bacfb1029f6b.png,1,2,0,0.799642860889435,res5c_branch2c,0,0,0,0
bb7e0a2544cd.png,3,2,0,0.448178738355637,res5c_branch2c,0.00353779224678874,0.0940917059779167,0.0512994260204082,38.2374382019043
bc92a61a1f9c.png,0,0,1,0.997187316417694,res5c_branch2c,0.00551039725542068,0.0280065275728703,0.275490274234694,31.7036266326904
bcd503c726ba.png,4,4,1,0.716261446475983,res5c_branch2c,0.0117735471576452,0.136693149805069,0.0864158163265306,48.9548034667969
bda7ff3b1562.png,2,2,1,0.961326062679291,res5c_branch2c,0.00031990883871913,0.011376928538084,0.0420320471938775,13.4208059310913
bdf47b9f10c4.png,0,0,1,0.996742784976959,res5c_branch2c,0.00593484565615654,0.0293659940361977,0.262316645408163,4.45964097976685
bdff5d8bddf8.png,4,2,0,0.75440502166748,res5c_branch2c,0.0103394323959947,0.120741039514542,0.12370455994898,47.8759384155273
be8697eb2078.png,0,0,1,0.998162567615509,res5c_branch2c,0.00467323698103428,0.017772514373064,0.423867984693878,23.9380435943604
beb2ad14fd2d.png,0,0,1,0.999476611614227,res5c_branch2c,0.00141994643490762,0.00592533266171813,0.346141581632653,41.6015968322754
bec0acd539b2.png,3,3,1,0.675527632236481,res5c_branch2c,0.0670893341302872,0.248235210776329,0.389070471938776,26.3725929260254
bf811911acf9.png,0,0,1,0.998353123664856,res5c_branch2c,0.00355779961682856,0.0115685956552625,0.544084821428571,7.76448917388916
bfd5c0e55420.png,2,2,1,0.61029440164566,res5c_branch2c,0.0554527454078197,0.272265881299973,0.325235172193878,17.9378032684326
bff51afc76d4.png,0,0,1,0.999118983745575,res5c_branch2c,0.00289798784069717,0.0115011762827635,0.367645886479592,17.7139587402344
c102db7634d8.png,1,1,1,0.394847869873047,res5c_branch2c,0.0653646662831306,0.468875408172607,0.199577487244898,14.1954183578491
c2a58b2cfd0b.png,0,0,1,0.980598449707031,res5c_branch2c,0.0259336605668068,0.14391416311264,0.279077646683673,45.0538024902344
c2f3281cf528.png,0,0,1,0.99921178817749,res5c_branch2c,0.00207279762253165,0.00899459514766932,0.30387037627551,9.82430458068848
c334f8688b77.png,0,0,1,0.98428738117218,res5c_branch2c,0.0241718459874392,0.101200796663761,0.401606345663265,6.61667060852051
c3b15bf9b4bc.png,0,0,1,0.99998676776886,res5c_branch2c,7.31555483071133e-05,0.000291066127829254,0.407844387755102,22.7174129486084
c5a0e84e955d.png,0,0,1,0.999900102615356,res5c_branch2c,0.000386402534786612,0.00127180269919336,0.521663743622449,16.1169109344482
c5bec7f1e5f3.png,0,0,1,0.990513682365417,res5c_branch2c,0.0149367824196815,0.0774649605154991,0.332110969387755,35.6578025817871
c6229222bf22.png,0,0,1,0.998749732971191,res5c_branch2c,0.00318361935205758,0.0148843796923757,0.281150350765306,12.7341632843018
c64c0966b4cf.png,0,0,1,0.999111711978912,res5c_branch2c,0.00273787695914507,0.0131709882989526,0.293168048469388,34.5087852478027
c6a145742708.png,4,2,0,0.867071509361267,res5c_branch2c,0.000710935331881046,0.0335876606404781,0.0251514668367347,23.1639060974121
c6c2bad91f23.png,2,2,1,0.927240252494812,res5c_branch2c,0.000508419470861554,0.0102679487317801,0.0897640306122449,29.3704051971436
c6e1e9fbf39b.png,2,2,1,0.405047029256821,res5c_branch2c,0.00293823052197695,0.0779713541269302,0.0593112244897959,21.5648345947266
c73c5f6ef664.png,2,2,1,0.449820786714554,res5c_branch2c,5.64357542316429e-05,0.00310880364850163,0.0302933673469388,20.4709606170654
c7d0deb71576.png,0,0,1,0.923257529735565,res5c_branch2c,0.0905438214540482,0.423644006252289,0.330377072704082,40.5318222045898
c81c6911f5e0.png,0,0,1,0.998642385005951,res5c_branch2c,0.00357638276182115,0.0178797170519829,0.260064572704082,31.720630645752
c947bb6cf9f6.png,0,0,1,0.999965667724609,res5c_branch2c,0.000157774135004729,0.000562511442694813,0.441784917091837,23.13450050354
c96f743915b5.png,1,1,1,0.515674650669098,res5c_branch2c,0.0744235590100288,0.338660031557083,0.34944993622449,31.8659286499023
c98f623d08d1.png,0,0,1,0.999901056289673,res5c_branch2c,0.000360538397217169,0.0018539777956903,0.24738919005102,38.8723983764648
c9ea9d5eab65.png,3,3,1,0.477008908987045,res5c_branch2c,0.143023282289505,0.519152641296387,0.439512914540816,19.8019981384277
ca05f7e7801b.png,0,0,1,0.998254120349884,res5c_branch2c,0.00315619097091258,0.0127048967406154,0.377869897959184,16.3344802856445
ca7f5caddf96.png,2,2,1,0.516999065876007,res5c_branch2c,0.023152869194746,0.250556170940399,0.121153539540816,54.8918838500977
ca9c912ebad7.png,2,2,1,0.654596865177155,res5c_branch2c,0.0014924795832485,0.0416083782911301,0.0583346619897959,4.03075742721558
cad5b1a82e60.png,0,0,1,0.999986052513123,res5c_branch2c,8.48801137180999e-05,0.000266766175627708,0.490752551020408,25.0371017456055
cb02bb47fdc5.png,0,1,0,0.781392455101013,res5c_branch2c,0.0414721518754959,0.326801329851151,0.177594866071429,5.85854864120483
cbf0394039f8.png,2,2,1,0.410334676504135,res5c_branch2c,0.00247921864502132,0.0481728464365005,0.0956632653061224,32.4021186828613
cd01672507c9.png,0,0,1,0.981830298900604,res5c_branch2c,0.0279287472367287,0.0922648683190346,0.464106345663265,30.6408023834229
cd01f4f83336.png,0,0,1,1,res5c_branch2c,7.03987382166815e-07,3.02199373436451e-06,0.395647321428571,18.1427402496338
cd314653a4d8.png,0,0,1,1,res5c_branch2c,6.16016677668085e-07,2.73751925305987e-06,0.381098533163265,15.5983371734619
cd48cfab4e44.png,0,0,1,0.991910755634308,res5c_branch2c,0.0101566361263394,0.0377375073730946,0.428132971938776,30.1773281097412
cd4e7f9fa1a9.png,2,2,1,0.9641033411026,res5c_branch2c,0.000442728691268712,0.00955959036946297,0.0799386160714286,19.9811363220215
d06ccd0cf4b8.png,1,0,0,0.608076095581055,res5c_branch2c,0.1339440792799,0.513490080833435,0.438257334183673,21.2144145965576
d18e5b68f6d2.png,2,2,1,0.820013284683228,res5c_branch2c,0.00688093341886997,0.086243748664856,0.132473692602041,9.04831409454346
d264396d8d1a.png,2,2,1,0.491058796644211,res5c_branch2c,0.00363007304258645,0.0689517185091972,0.0941685267857143,13.0329265594482
d2901144070c.png,4,2,0,0.612367391586304,res5c_branch2c,0.00610665511339903,0.0808083564043045,0.120854591836735,35.3332595825195
d2ffe9287dc7.png,3,2,0,0.573781907558441,res5c_branch2c,0.0217863861471415,0.202430292963982,0.164421237244898,39.6344413757324
d30d079e6f9a.png,0,0,1,0.971881330013275,res5c_branch2c,0.0295040905475616,0.119946338236332,0.423748405612245,19.8428707122803
d3de0d313d61.png,1,2,0,0.700483500957489,res5c_branch2c,0.0161481034010649,0.142253756523132,0.197983099489796,21.3103446960449
d516f77d4516.png,0,0,1,0.999982595443726,res5c_branch2c,8.13594306237064e-05,0.000228328499360941,0.528140943877551,24.1522789001465
d57d1be1bbd1.png,0,0,1,0.999320983886719,res5c_branch2c,0.00239680707454681,0.0106352409347892,0.284199617346939,13.5504941940308
d69698f838db.png,0,0,1,0.984107851982117,res5c_branch2c,0.0200171731412411,0.0855574384331703,0.419822225765306,14.0194826126099
d6df4fe492ec.png,0,0,1,0.975977063179016,res5c_branch2c,0.0205186381936073,0.0742288678884506,0.482760682397959,17.8483257293701
d6e26fe51dce.png,1,2,0,0.71664160490036,res5c_branch2c,0.0131477862596512,0.166870519518852,0.108438297193878,36.1914329528809
d7ac4a0c9760.png,0,0,1,0.997789621353149,res5c_branch2c,0.00313938152976334,0.0120219085365534,0.415457589285714,20.6369247436523
d7e5fe5245e0.png,0,1,0,0.72080260515213,res5c_branch2c,0.0428944639861584,0.263382017612457,0.254324776785714,15.1110162734985
d801c0a66738.png,1,1,1,0.763507127761841,res5c_branch2c,0.0466631688177586,0.268860161304474,0.250558035714286,23.905086517334
d807c53c1399.png,0,0,1,0.999203622341156,res5c_branch2c,0.002267881995067,0.00885426718741655,0.369040975765306,15.2389316558838
d8404680bba6.png,2,2,1,0.62877494096756,res5c_branch2c,0.108081348240376,0.365308225154877,0.499780771683673,22.8665447235107
d85d052900b4.png,1,2,0,0.496134012937546,res5c_branch2c,0,0,0,0
d871895742b1.png,0,0,1,0.998890221118927,res5c_branch2c,0.00265726028010249,0.00938550289720297,0.413942920918367,20.5221652984619
d93b61dc8f64.png,0,0,1,0.997920453548431,res5c_branch2c,0.00593738025054336,0.0166608579456806,0.625099649234694,8.4694356918335
d95959798b57.png,2,2,1,0.679450035095215,res5c_branch2c,0.00346001307480037,0.0705411955714226,0.0881297831632653,17.8032722473145
d990a3f0cbdb.png,2,2,1,0.666753649711609,res5c_branch2c,0,0,0,0
d99dd99be001.png,0,0,1,0.999659180641174,res5c_branch2c,0.00086974335135892,0.00422374252229929,0.292450573979592,13.8593482971191
d9ad2a0ec026.png,0,0,1,0.998505353927612,res5c_branch2c,0.00477892532944679,0.0217435043305159,0.305783641581633,15.1457023620605
d9c9b9786da3.png,0,0,1,0.99919182062149,res5c_branch2c,0.00260566081851721,0.00888225622475147,0.474310427295918,11.8452968597412
da44f80b422b.png,2,2,1,0.713174104690552,res5c_branch2c,4.51444435611847e-07,2.20940328290453e-05,0.0393813775510204,10.7381181716919
da8900ac7f29.png,2,2,1,0.949621617794037,res5c_branch2c,0.000341752194799483,0.0107041960582137,0.0499641262755102,30.1785717010498
db4ed1e07aa3.png,1,1,1,0.9272301197052,res5c_branch2c,0.0350549109280109,0.175073087215424,0.295699139030612,39.1508407592773
dcc6c0ad5cad.png,0,0,1,0.946219503879547,res5c_branch2c,0.0522331222891808,0.197765842080116,0.393056441326531,14.3992528915405
dd110d2b8c21.png,2,2,1,0.706216394901276,res5c_branch2c,0.00913268327713013,0.132668048143387,0.102439413265306,39.5029716491699
de16416220de.png,4,4,1,0.537174582481384,res5c_branch2c,0.01857765391469,0.106184996664524,0.341198979591837,19.086877822876
de55ed25e0e8.png,0,0,1,0.999666810035706,res5c_branch2c,0.00092439039144665,0.00322099099867046,0.470444036989796,6.10358715057373
de57c9e9fa93.png,0,0,1,0.93203216791153,res5c_branch2c,0.0888825953006744,0.334751397371292,0.414740114795918,24.5144958496094
de6210f88536.png,0,0,1,0.999907851219177,res5c_branch2c,0.000300438114209101,0.00165117951110005,0.261140784438776,15.3437976837158
dee687c6e88a.png,2,2,1,0.849672734737396,res5c_branch2c,0.00740075763314962,0.0942516550421715,0.119897959183673,35.9119529724121
df4913ca3712.png,4,4,1,0.802338182926178,res5c_branch2c,0.00792870111763477,0.12288124114275,0.0849011479591837,42.7313804626465
e12df54e0d1e.png,0,0,1,0.784465432167053,res5c_branch2c,0.0749288275837898,0.34894272685051,0.37077487244898,3.34163045883179
e150935f66a6.png,2,0,0,0.661096930503845,res5c_branch2c,0.122677586972713,0.600358903408051,0.359175701530612,31.5237808227539
e160a3b19911.png,0,0,1,1,res5c_branch2c,6.21803280864697e-07,2.63826132140821e-06,0.40152662627551,17.1129722595215
e2c3b037413b.png,0,0,1,0.537938594818115,res5c_branch2c,0.0498968400061131,0.191665977239609,0.394929846938776,28.2239837646484
e39b627cf648.png,4,2,0,0.981652200222015,res5c_branch2c,0.00221109017729759,0.0275906622409821,0.12761080994898,41.2315635681152
e4151feb8443.png,2,4,0,0.87719851732254,res5c_branch2c,0.00746520096436143,0.0874112024903297,0.141342474489796,22.8006744384766
e4c799738a19.png,0,0,1,0.999943614006042,res5c_branch2c,0.000202182491193525,0.000858605664689094,0.361706792091837,4.22067785263062
